book_name,chapter,verse_start,verse_end,version,text
Romans,3,30,,esv,[30] since God is one—who will justify the circumcised by faith and the uncircumcised through faith. (ESV)
Romans,3,30,,nlt,"There is only one God, and he makes people right with himself only by faith, whether they are Jews or Gentiles. Greek whether they are circumcised or uncircumcised. (NLT)"
Romans,3,30,,niv,"[30] since there is only one God, who will justify the circumcised by faith and the uncircumcised through that same faith. (NIV)"
Romans,3,30,,nasb,[30] since indeed God who will justify the circumcised by faith and the uncircumcised through faith is one. (NASB)
Romans,3,30,,csb,[30] since there is one God  who will justify the circumcised by faith  and the uncircumcised through faith. (CSB)
Romans,3,30,,en-asv,"if so be that God is one, and he shall justify the circumcision by faith, and the uncircumcision through faith."
Romans,3,30,,en-t4t,"because, as you firmly believe, there is only one God, who will erase the record of Jews’ [MTY] sins if they trust in what Christ has done, and who will similarly erase the record of non-Jews’ [MTY] sins if they trust in Christ."
Romans,3,30,,en-bsb,"since there is only one God, who will justify the circumcised by faith and the uncircumcised through that same faith."
Romans,3,30,,en-web,since indeed there is one God who will justify the circumcised by faith and the uncircumcised through faith.
Genesis,3,1,,esv,"[1] Now the serpent was more crafty than any other beast of the field that the LORD God had made. He said to the woman, “Did God actually say, ‘You shall not eat of any tree in the garden’?” (ESV)"
Genesis,3,1,,nlt,"Genesis   3 The Man and Woman Sin The serpent was the shrewdest of all the wild animals the Lord God had made. One day he asked the woman, “Did God really say you must not eat the fruit from any of the trees in the garden?” (NLT)"
Genesis,3,1,,niv,"[1] Now the serpent was more crafty than any of the wild animals the Lord God had made. He said to the woman, “Did God really say, ‘You must not eat from any tree in the garden’?” (NIV)"
Genesis,3,1,,nasb,"[1] Now the serpent was more crafty than any beast of the field which the Lord God had made. And he said to the woman, “Indeed, has God said, ‘You shall not eat from any tree of the garden’?” (NASB)"
Genesis,3,1,,csb,"[1] Now the serpent was the most cunning of all the wild animals that the Lord God had made. He said to the woman, “Did God really say, ‘You can’t eat from any tree in the garden’? ”  (CSB)"
Genesis,3,1,,en-asv,"Now the serpent was more subtle than any beast of the field which Jehovah God had made. And he said unto the woman, Yea, hath God said, Ye shall not eat of any tree of the garden?"
Genesis,3,1,,en-t4t,"The snake was more cunning than all the other wild animals that Yahweh God had made. One day Satan gave to the snake the ability to talk to the woman. The snake said to her, “Did God really say to you, ‘Do not eat the fruit from any of the trees in the park/garden’?”"
Genesis,3,1,,en-bsb,"Now the serpent 3:1 Hebrew nachash, translated in this chapter as serpent, is translated in most cases as snake. was more crafty than any beast of the field that the LORD God had made. And he said to the woman, “Did God really say, ‘You must not eat from any tree in the garden?’”"
Genesis,3,1,,en-web,"Now the serpent was more subtle than any animal of the field which Yahweh God had made. He said to the woman, “Has God really said, ‘You shall not eat of any tree of the garden’?”"
Genesis,1,1,,esv,"[1] In the beginning, God created the heavens and the earth. (ESV)"
Genesis,1,25,27,esv,"[25] And God made the beasts of the earth according to their kinds and the livestock according to their kinds, and everything that creeps on the ground according to its kind. And God saw that it was good. [26] Then God said, “Let us make man in our image, after our likeness. And let them have dominion over the fish of the sea and over the birds of the heavens and over the livestock and over all the earth and over every creeping thing that creeps on the earth.” [27] So God created man in his own image, in the image of God he created him; male and female he created them. (ESV)"
Genesis,1,28,30,esv,"[28] And God blessed them. And God said to them, “Be fruitful and multiply and fill the earth and subdue it, and have dominion over the fish of the sea and over the birds of the heavens and over every living thing that moves on the earth.” [29] And God said, “Behold, I have given you every plant yielding seed that is on the face of all the earth, and every tree with seed in its fruit. You shall have them for food. [30] And to every beast of the earth and to every bird of the heavens and to everything that creeps on the earth, everything that has the breath of life, I have given every green plant for food.” And it was so. (ESV)"
Genesis,2,16,17,esv,"[16] And the LORD God commanded the man, saying, “You may surely eat of every tree of the garden, [17] but of the tree of the knowledge of good and evil you shall not eat, for in the day that you eat of it you shall surely die.” (ESV)"
Genesis,3,2,3,esv,"[2] And the woman said to the serpent, “We may eat of the fruit of the trees in the garden, [3] but God said, ‘You shall not eat of the fruit of the tree that is in the midst of the garden, neither shall you touch it, lest you die.’” (ESV)"
Genesis,3,6,,esv,"[6] So when the woman saw that the tree was good for food, and that it was a delight to the eyes, and that the tree was to be desired to make one wise, she took of its fruit and ate, and she also gave some to her husband who was with her, and he ate. (ESV)"
Genesis,3,7,,esv,"[7] Then the eyes of both were opened, and they knew that they were naked. And they sewed fig leaves together and made themselves loincloths. (ESV)"
Genesis,19,4,8,esv,"[4] But before they lay down, the men of the city, the men of Sodom, both young and old, all the people to the last man, surrounded the house. [5] And they called to Lot, “Where are the men who came to you tonight? Bring them out to us, that we may know them.” [6] Lot went out to the men at the entrance, shut the door after him, [7] and said, “I beg you, my brothers, do not act so wickedly. [8] Behold, I have two daughters who have not known any man. Let me bring them out to you, and do to them as you please. Only do nothing to these men, for they have come under the shelter of my roof.” (ESV)"
Exodus,3,14,,esv,"[14] God said to Moses, “I AM WHO I AM.” And he said, “Say this to the people of Israel: ‘I AM has sent me to you.’” (ESV)"
Exodus,20,5,,esv,"[5] You shall not bow down to them or serve them, for I the LORD your God am a jealous God, visiting the iniquity of the fathers on the children to the third and fourth generation of those who hate me, (ESV)"
Exodus,29,36,37,esv,"[36] and every day you shall offer a bull as a sin offering for atonement. Also you shall purify the altar, when you make atonement for it, and shall anoint it to consecrate it. [37] Seven days you shall make atonement for the altar and consecrate it, and the altar shall be most holy. Whatever touches the altar shall become holy. (ESV)"
Exodus,30,10,,esv,[10] Aaron shall make atonement on its horns once a year. With the blood of the sin offering of atonement he shall make atonement for it once in the year throughout your generations. It is most holy to the LORD.” (ESV)
Exodus,30,15,16,esv,"[15] The rich shall not give more, and the poor shall not give less, than the half shekel, when you give the LORD’s offering to make atonement for your lives. [16] You shall take the atonement money from the people of Israel and shall give it for the service of the tent of meeting, that it may bring the people of Israel to remembrance before the LORD, so as to make atonement for your lives.” (ESV)"
Exodus,34,6,7,esv,"[6] The LORD passed before him and proclaimed, “The LORD, the LORD, a God merciful and gracious, slow to anger, and abounding in steadfast love and faithfulness, [7] keeping steadfast love for thousands, forgiving iniquity and transgression and sin, but who will by no means clear the guilty, visiting the iniquity of the fathers on the children and the children’s children, to the third and the fourth generation.” (ESV)"
Exodus,34,35,,esv,"[35] the people of Israel would see the face of Moses, that the skin of Moses’ face was shining. And Moses would put the veil over his face again, until he went in to speak with him. (ESV)"
Romans,2,4,,esv,"[4] Or do you presume on the riches of his kindness and forbearance and patience, not knowing that God’s kindness is meant to lead you to repentance? (ESV)"
Romans,2,5,,esv,[5] But because of your hard and impenitent heart you are storing up wrath for yourself on the day of wrath when God’s righteous judgment will be revealed. (ESV)
Romans,2,6,,esv,[6] He will render to each one according to his works: (ESV)
Romans,2,7,,esv,"[7] to those who by patience in well-doing seek for glory and honor and immortality, he will give eternal life; (ESV)"
Romans,2,12,,esv,"[12] For all who have sinned without the law will also perish without the law, and all who have sinned under the law will be judged by the law. (ESV)"
Romans,2,14,15,esv,"[14] For when Gentiles, who do not have the law, by nature do what the law requires, they are a law to themselves, even though they do not have the law. [15] They show that the work of the law is written on their hearts, while their conscience also bears witness, and their conflicting thoughts accuse or even excuse them (ESV)"
Romans,2,16,,esv,"[16] on that day when, according to my gospel, God judges the secrets of men by Christ Jesus. (ESV)"
Romans,3,10,,esv,"[10] as it is written: “None is righteous, no, not one; (ESV)"
Romans,3,19,,esv,"[19] Now we know that whatever the law says it speaks to those who are under the law, so that every mouth may be stopped, and the whole world may be held accountable to God. (ESV)"
Romans,3,20,,esv,"[20] For by works of the law no human being will be justified in his sight, since through the law comes knowledge of sin. (ESV)"
Romans,3,21,22,esv,"[21] But now the righteousness of God has been manifested apart from the law, although the Law and the Prophets bear witness to it—[22] the righteousness of God through faith in Jesus Christ for all who believe. For there is no distinction: (ESV)"
Romans,3,22,,esv,[22] the righteousness of God through faith in Jesus Christ for all who believe. For there is no distinction: (ESV)
Romans,3,22,25,esv,"[22] the righteousness of God through faith in Jesus Christ for all who believe. For there is no distinction: [23] for all have sinned and fall short of the glory of God, [24] and are justified by his grace as a gift, through the redemption that is in Christ Jesus, [25] whom God put forward as a propitiation by his blood, to be received by faith. This was to show God’s righteousness, because in his divine forbearance he had passed over former sins. (ESV)"
Romans,3,24,25,esv,"[24] and are justified by his grace as a gift, through the redemption that is in Christ Jesus, [25] whom God put forward as a propitiation by his blood, to be received by faith. This was to show God’s righteousness, because in his divine forbearance he had passed over former sins. (ESV)"
Romans,3,25,26,esv,"[25] whom God put forward as a propitiation by his blood, to be received by faith. This was to show God’s righteousness, because in his divine forbearance he had passed over former sins. [26] It was to show his righteousness at the present time, so that he might be just and the justifier of the one who has faith in Jesus. (ESV)"
Romans,4,2,,esv,"[2] For if Abraham was justified by works, he has something to boast about, but not before God. (ESV)"
Romans,4,5,,esv,"[5] And to the one who does not work but believes in him who justifies the ungodly, his faith is counted as righteousness, (ESV)"
Genesis,1,1,,nlt,"Genesis   1 The Account of Creation In the beginning God created the heavens and the earth. Or In the beginning when God created the heavens and the earth, . . . Or When God began to create the heavens and the earth, . . . (NLT)"
Genesis,1,25,27,nlt,"God made all sorts of wild animals, livestock, and small animals, each able to produce offspring of the same kind. And God saw that it was good. (NLT)"
Genesis,1,28,30,nlt,"Then God blessed them and said, “Be fruitful and multiply. Fill the earth and govern it. Reign over the fish in the sea, the birds in the sky, and all the animals that scurry along the ground.” (NLT)"
Genesis,2,16,17,nlt,"But the Lord God warned him, “You may freely eat the fruit of every tree in the garden— (NLT)"
Genesis,3,2,3,nlt,"“Of course we may eat fruit from the trees in the garden,” the woman replied. (NLT)"
Genesis,3,6,,nlt,"The woman was convinced. She saw that the tree was beautiful and its fruit looked delicious, and she wanted the wisdom it would give her. So she took some of the fruit and ate it. Then she gave some to her husband, who was with her, and he ate it, too. (NLT)"
Psalms,139,6,,esv,[6] Such knowledge is too wonderful for me; it is high; I cannot attain it. (ESV)
Genesis,3,7,,nlt,"At that moment their eyes were opened, and they suddenly felt shame at their nakedness. So they sewed fig leaves together to cover themselves. (NLT)"
Genesis,19,4,8,nlt,"But before they retired for the night, all the men of Sodom, young and old, came from all over the city and surrounded the house. (NLT)"
Exodus,3,14,,nlt,"God replied to Moses, “ I Am Who I Am . Or I Will Be What I Will Be. Say this to the people of Israel: I Am has sent me to you.” (NLT)"
Exodus,20,5,,nlt,"You must not bow down to them or worship them, for I, the Lord your God, am a jealous God who will not tolerate your affection for any other gods. I lay the sins of the parents upon their children; the entire family is affected—even children in the third and fourth generations of those who reject me. (NLT)"
Exodus,29,36,37,nlt,"Each day you must sacrifice a young bull as a sin offering to purify them, making them right with the Lord . Or to make atonement. Afterward, cleanse the altar by purifying it Or by making atonement for it; similarly in 29:37. ; make it holy by anointing it with oil. (NLT)"
Exodus,30,10,,nlt,"“Once a year Aaron must purify Or make atonement for; also in 30:10b. the altar by smearing its horns with blood from the offering made to purify the people from their sin. This will be a regular, annual event from generation to generation, for this is the Lord ’s most holy altar.” (NLT)"
Exodus,30,15,16,nlt,"When this offering is given to the Lord to purify your lives, making you right with him, Or to make atonement for your lives; similarly in 30:16. the rich must not give more than the specified amount, and the poor must not give less. (NLT)"
Exodus,34,6,7,nlt,"The Lord passed in front of Moses, calling out, “Yahweh! See note on 34:5. The Lord ! The God of compassion and mercy! I am slow to anger and filled with unfailing love and faithfulness. (NLT)"
Exodus,34,35,,nlt,and the people of Israel would see the radiant glow of his face. So he would put the veil over his face until he returned to speak with the Lord . (NLT)
Romans,2,4,,nlt,"Don’t you see how wonderfully kind, tolerant, and patient God is with you? Does this mean nothing to you? Can’t you see that his kindness is intended to turn you from your sin? (NLT)"
Romans,2,5,,nlt,"But because you are stubborn and refuse to turn from your sin, you are storing up terrible punishment for yourself. For a day of anger is coming, when God’s righteous judgment will be revealed. (NLT)"
Romans,2,6,,nlt,He will judge everyone according to what they have done. (NLT)
Romans,2,7,,nlt,"He will give eternal life to those who keep on doing good, seeking after the glory and honor and immortality that God offers. (NLT)"
Romans,2,12,,nlt,"When the Gentiles sin, they will be destroyed, even though they never had God’s written law. And the Jews, who do have God’s law, will be judged by that law when they fail to obey it. (NLT)"
Romans,2,14,15,nlt,"Even Gentiles, who do not have God’s written law, show that they know his law when they instinctively obey it, even without having heard it. (NLT)"
Romans,2,16,,nlt,"And this is the message I proclaim—that the day is coming when God, through Christ Jesus, will judge everyone’s secret life. (NLT)"
Romans,3,10,,nlt,"As the Scriptures say, “No one is righteous— not even one. (NLT)"
Romans,3,19,,nlt,"Obviously, the law applies to those to whom it was given, for its purpose is to keep people from having excuses, and to show that the entire world is guilty before God. (NLT)"
Romans,3,20,,nlt,For no one can ever be made right with God by doing what the law commands. The law simply shows us how sinful we are. (NLT)
Romans,3,21,22,nlt,"Christ Took Our Punishment But now God has shown us a way to be made right with him without keeping the requirements of the law, as was promised in the writings of Moses Greek in the law. and the prophets long ago. (NLT)"
Romans,3,22,,nlt,"We are made right with God by placing our faith in Jesus Christ. And this is true for everyone who believes, no matter who we are. (NLT)"
Romans,3,22,25,nlt,"We are made right with God by placing our faith in Jesus Christ. And this is true for everyone who believes, no matter who we are. (NLT)"
Romans,3,24,25,nlt,"Yet God, in his grace, freely makes us right in his sight. He did this through Christ Jesus when he freed us from the penalty for our sins. (NLT)"
Romans,3,25,26,nlt,"For God presented Jesus as the sacrifice for sin. People are made right with God when they believe that Jesus sacrificed his life, shedding his blood. This sacrifice shows that God was being fair when he held back and did not punish those who sinned in times past, (NLT)"
Romans,4,2,,nlt,"If his good deeds had made him acceptable to God, he would have had something to boast about. But that was not God’s way. (NLT)"
Romans,4,5,,nlt,"But people are counted as righteous, not because of their work, but because of their faith in God who forgives sinners. (NLT)"
Genesis,1,1,,niv,[1] In the beginning God created the heavens and the earth. (NIV)
Genesis,1,25,27,niv,"[25] God made the wild animals according to their kinds, the livestock according to their kinds, and all the creatures that move along the ground according to their kinds. And God saw that it was good. [26] Then God said, “Let us make mankind in our image, in our likeness, so that they may rule over the fish in the sea and the birds in the sky, over the livestock and all the wild animals, and over all the creatures that move along the ground.” [27] So God created mankind in his own image, in the image of God he created them; male and female he created them. (NIV)"
Genesis,1,28,30,niv,"[28] God blessed them and said to them, “Be fruitful and increase in number; fill the earth and subdue it. Rule over the fish in the sea and the birds in the sky and over every living creature that moves on the ground.” [29] Then God said, “I give you every seed-bearing plant on the face of the whole earth and every tree that has fruit with seed in it. They will be yours for food. [30] And to all the beasts of the earth and all the birds in the sky and all the creatures that move along the ground—everything that has the breath of life in it—I give every green plant for food.” And it was so. (NIV)"
Genesis,2,16,17,niv,"[16] And the Lord God commanded the man, “You are free to eat from any tree in the garden; [17] but you must not eat from the tree of the knowledge of good and evil, for when you eat from it you will certainly die.” (NIV)"
Genesis,3,2,3,niv,"[2] The woman said to the serpent, “We may eat fruit from the trees in the garden, [3] but God did say, ‘You must not eat fruit from the tree that is in the middle of the garden, and you must not touch it, or you will die.’ ” (NIV)"
Genesis,3,6,,niv,"[6] When the woman saw that the fruit of the tree was good for food and pleasing to the eye, and also desirable for gaining wisdom, she took some and ate it. She also gave some to her husband, who was with her, and he ate it. (NIV)"
Genesis,3,7,,niv,"[7] Then the eyes of both of them were opened, and they realized they were naked; so they sewed fig leaves together and made coverings for themselves. (NIV)"
Genesis,19,4,8,niv,"[4] Before they had gone to bed, all the men from every part of the city of Sodom—both young and old—surrounded the house. [5] They called to Lot, “Where are the men who came to you tonight? Bring them out to us so that we can have sex with them.” [6] Lot went outside to meet them and shut the door behind him [7] and said, “No, my friends. Don’t do this wicked thing. [8] Look, I have two daughters who have never slept with a man. Let me bring them out to you, and you can do what you like with them. But don’t do anything to these men, for they have come under the protection of my roof.” (NIV)"
Exodus,3,14,,niv,"[14] God said to Moses, “I am who I am. This is what you are to say to the Israelites: ‘I am has sent me to you.’ ” (NIV)"
Exodus,20,5,,niv,"[5] You shall not bow down to them or worship them; for I, the Lord your God, am a jealous God, punishing the children for the sin of the parents to the third and fourth generation of those who hate me, (NIV)"
Exodus,29,36,37,niv,"[36] Sacrifice a bull each day as a sin offering to make atonement. Purify the altar by making atonement for it, and anoint it to consecrate it. [37] For seven days make atonement for the altar and consecrate it. Then the altar will be most holy, and whatever touches it will be holy. (NIV)"
Exodus,30,10,,niv,[10] Once a year Aaron shall make atonement on its horns. This annual atonement must be made with the blood of the atoning sin offering for the generations to come. It is most holy to the Lord.” (NIV)
Exodus,30,15,16,niv,"[15] The rich are not to give more than a half shekel and the poor are not to give less when you make the offering to the Lord to atone for your lives. [16] Receive the atonement money from the Israelites and use it for the service of the tent of meeting. It will be a memorial for the Israelites before the Lord, making atonement for your lives.” (NIV)"
Exodus,34,6,7,niv,"[6] And he passed in front of Moses, proclaiming, “The Lord, the Lord, the compassionate and gracious God, slow to anger, abounding in love and faithfulness, [7] maintaining love to thousands, and forgiving wickedness, rebellion and sin. Yet he does not leave the guilty unpunished; he punishes the children and their children for the sin of the parents to the third and fourth generation.” (NIV)"
Exodus,34,35,,niv,[35] they saw that his face was radiant. Then Moses would put the veil back over his face until he went in to speak with the Lord. (NIV)
Genesis,1,1,,nasb,[1] In the beginning God created the heavens and the earth. (NASB)
Romans,2,4,,niv,"[4] Or do you show contempt for the riches of his kindness, forbearance and patience, not realizing that God’s kindness is intended to lead you to repentance? (NIV)"
Genesis,1,25,27,nasb,"[25] God made the beasts of the earth after their kind, and the cattle after their kind, and everything that creeps on the ground after its kind; and God saw that it was good. [26] Then God said, “Let Us make man in Our image, according to Our likeness; and let them rule over the fish of the sea and over the birds of the sky and over the cattle and over all the earth, and over every creeping thing that creeps on the earth.” [27] God created man in His own image, in the image of God He created him; male and female He created them. (NASB)"
Romans,2,5,,niv,"[5] But because of your stubbornness and your unrepentant heart, you are storing up wrath against yourself for the day of God’s wrath, when his righteous judgment will be revealed. (NIV)"
Genesis,1,28,30,nasb,"[28] God blessed them; and God said to them, “Be fruitful and multiply, and fill the earth, and subdue it; and rule over the fish of the sea and over the birds of the sky and over every living thing that moves on the earth.” [29] Then God said, “Behold, I have given you every plant yielding seed that is on the surface of all the earth, and every tree which has fruit yielding seed; it shall be food for you; [30] and to every beast of the earth and to every bird of the sky and to every thing that moves on the earth which has life, I have given every green plant for food”; and it was so. (NASB)"
Romans,2,6,,niv,[6] God “will repay each person according to what they have done.” (NIV)
Genesis,2,16,17,nasb,"[16] The Lord God commanded the man, saying, “From any tree of the garden you may eat freely; [17] but from the tree of the knowledge of good and evil you shall not eat, for in the day that you eat from it you will surely die.” (NASB)"
Romans,2,7,,niv,"[7] To those who by persistence in doing good seek glory, honor and immortality, he will give eternal life. (NIV)"
Genesis,3,2,3,nasb,"[2] The woman said to the serpent, “From the fruit of the trees of the garden we may eat; [3] but from the fruit of the tree which is in the middle of the garden, God has said, ‘You shall not eat from it or touch it, or you will die.’ ” (NASB)"
Romans,2,12,,niv,"[12] All who sin apart from the law will also perish apart from the law, and all who sin under the law will be judged by the law. (NIV)"
Genesis,3,6,,nasb,"[6] When the woman saw that the tree was good for food, and that it was a delight to the eyes, and that the tree was desirable to make one wise, she took from its fruit and ate; and she gave also to her husband with her, and he ate. (NASB)"
Romans,2,14,15,niv,"[14] (Indeed, when Gentiles, who do not have the law, do by nature things required by the law, they are a law for themselves, even though they do not have the law. [15] They show that the requirements of the law are written on their hearts, their consciences also bearing witness, and their thoughts sometimes accusing them and at other times even defending them.) (NIV)"
Genesis,3,7,,nasb,"[7] Then the eyes of both of them were opened, and they knew that they were naked; and they sewed fig leaves together and made themselves loin coverings. (NASB)"
Romans,2,16,,niv,"[16] This will take place on the day when God judges people’s secrets through Jesus Christ, as my gospel declares. (NIV)"
Genesis,19,4,8,nasb,"[4] Before they lay down, the men of the city, the men of Sodom, surrounded the house, both young and old, all the people from every quarter; [5] and they called to Lot and said to him, “Where are the men who came to you tonight? Bring them out to us that we may have relations with them.” [6] But Lot went out to them at the doorway, and shut the door behind him, [7] and said, “Please, my brothers, do not act wickedly. [8] Now behold, I have two daughters who have not had relations with man; please let me bring them out to you, and do to them whatever you like; only do nothing to these men, inasmuch as they have come under the shelter of my roof.” (NASB)"
Romans,3,10,,niv,"[10] As it is written: “There is no one righteous, not even one; (NIV)"
Exodus,3,14,,nasb,"[14] God said to Moses, “I AM WHO I AM”; and He said, “Thus you shall say to the sons of Israel, ‘I AM has sent me to you.’ ” (NASB)"
Romans,3,19,,niv,"[19] Now we know that whatever the law says, it says to those who are under the law, so that every mouth may be silenced and the whole world held accountable to God. (NIV)"
Exodus,20,5,,nasb,"[5] You shall not worship them or serve them; for I, the Lord your God, am a jealous God, visiting the iniquity of the fathers on the children, on the third and the fourth generations of those who hate Me, (NASB)"
Romans,3,20,,niv,"[20] Therefore no one will be declared righteous in God’s sight by the works of the law; rather, through the law we become conscious of our sin. (NIV)"
Exodus,29,36,37,nasb,"[36] Each day you shall offer a bull as a sin offering for atonement, and you shall purify the altar when you make atonement for it, and you shall anoint it to consecrate it. [37] For seven days you shall make atonement for the altar and consecrate it; then the altar shall be most holy, and whatever touches the altar shall be holy. (NASB)"
Romans,3,21,22,niv,"[21] But now apart from the law the righteousness of God has been made known, to which the Law and the Prophets testify. [22] This righteousness is given through faith in Jesus Christ to all who believe. There is no difference between Jew and Gentile, (NIV)"
Exodus,30,10,,nasb,[10] Aaron shall make atonement on its horns once a year; he shall make atonement on it with the blood of the sin offering of atonement once a year throughout your generations. It is most holy to the Lord.” (NASB)
Romans,3,22,,niv,"[22] This righteousness is given through faith in Jesus Christ to all who believe. There is no difference between Jew and Gentile, (NIV)"
Romans,3,22,25,niv,"[22] This righteousness is given through faith in Jesus Christ to all who believe. There is no difference between Jew and Gentile, [23] for all have sinned and fall short of the glory of God, [24] and all are justified freely by his grace through the redemption that came by Christ Jesus. [25] God presented Christ as a sacrifice of atonement, through the shedding of his blood—to be received by faith. He did this to demonstrate his righteousness, because in his forbearance he had left the sins committed beforehand unpunished— (NIV)"
Exodus,30,15,16,nasb,"[15] The rich shall not pay more and the poor shall not pay less than the half shekel, when you give the contribution to the Lord to make atonement for yourselves. [16] You shall take the atonement money from the sons of Israel and shall give it for the service of the tent of meeting, that it may be a memorial for the sons of Israel before the Lord, to make atonement for yourselves.” (NASB)"
Romans,3,24,25,niv,"[24] and all are justified freely by his grace through the redemption that came by Christ Jesus. [25] God presented Christ as a sacrifice of atonement, through the shedding of his blood—to be received by faith. He did this to demonstrate his righteousness, because in his forbearance he had left the sins committed beforehand unpunished— (NIV)"
Exodus,34,6,7,nasb,"[6] Then the Lord passed by in front of him and proclaimed, “The Lord, the Lord God, compassionate and gracious, slow to anger, and abounding in lovingkindness and truth; [7] who keeps lovingkindness for thousands, who forgives iniquity, transgression and sin; yet He will by no means leave the guilty unpunished, visiting the iniquity of fathers on the children and on the grandchildren to the third and fourth generations.” (NASB)"
Genesis,1,1,,csb,"[1] In the beginning  God created the heavens and the earth. , (CSB)"
Romans,3,25,26,niv,"[25] God presented Christ as a sacrifice of atonement, through the shedding of his blood—to be received by faith. He did this to demonstrate his righteousness, because in his forbearance he had left the sins committed beforehand unpunished— [26] he did it to demonstrate his righteousness at the present time, so as to be just and the one who justifies those who have faith in Jesus. (NIV)"
Exodus,34,35,,nasb,"[35] the sons of Israel would see the face of Moses, that the skin of Moses’ face shone. So Moses would replace the veil over his face until he went in to speak with Him. (NASB)"
Genesis,1,25,27,csb,"[25] So God made the wildlife of the earth according to their kinds, the livestock according to their kinds, and all the creatures that crawl on the ground according to their kinds. And God saw that it was good. [26] Then God said, “Let us  make man  in  our image, according to our likeness.  They will rule the fish of the sea, the birds of the sky, the livestock, the whole earth, and the creatures that crawl  on the earth.”  [27] So God created man in his own image; he created him in the image of God; he created them male and female.  (CSB)"
Romans,4,2,,niv,"[2] If, in fact, Abraham was justified by works, he had something to boast about—but not before God. (NIV)"
Romans,2,4,,nasb,"[4] Or do you think lightly of the riches of His kindness and tolerance and patience, not knowing that the kindness of God leads you to repentance? (NASB)"
Romans,4,5,,niv,"[5] However, to the one who does not work but trusts God who justifies the ungodly, their faith is credited as righteousness. (NIV)"
Genesis,1,28,30,csb,"[28] God blessed them, and God said to them, “Be fruitful, multiply, fill the earth,  and subdue it. Rule the fish of the sea, the birds of the sky, and every creature that crawls on the earth.” [29] God also said, “Look, I have given you every seed-bearing plant on the surface of the entire earth and every tree whose fruit contains seed. This will be food for you,  [30] for all the wildlife of the earth, for every bird of the sky, and for every creature that crawls on the earth #— #everything having the breath of life in it #— #I have given  every green plant for food.”  And it was so. (CSB)"
Romans,2,5,,nasb,"[5] But because of your stubbornness and unrepentant heart you are storing up wrath for yourself in the day of wrath and revelation of the righteous judgment of God, (NASB)"
Genesis,2,16,17,csb,"[16] And the Lord God commanded the man, “You are free to eat from any tree of the garden,  [17] but you must not eat from the tree of the knowledge of good and evil, for on the day you eat from it, you will certainly die.”  (CSB)"
Romans,2,6,,nasb,[6] who will render to each person according to his deeds: (NASB)
Genesis,3,2,3,csb,"[2] The woman said to the serpent, “We may eat the fruit from the trees in the garden. [3] But about the fruit of the tree in the middle of the garden, God said, ‘You must not eat it or touch it, or you will die.’ ”  (CSB)"
Romans,2,7,,nasb,"[7] to those who by perseverance in doing good seek for glory and honor and immortality, eternal life; (NASB)"
Genesis,3,6,,csb,"[6] The woman saw that the tree was good for food and delightful to look at, and that it was desirable for obtaining wisdom. So she took some of its fruit and ate it; she also gave some to her husband, who was with her, and he ate it.  (CSB)"
Romans,2,12,,nasb,"[12] For all who have sinned without the Law will also perish without the Law, and all who have sinned under the Law will be judged by the Law; (NASB)"
Genesis,3,7,,csb,"[7] Then the eyes of both of them were opened, and they knew they were naked; so they sewed fig leaves together and made coverings for themselves. (CSB)"
Romans,2,14,15,nasb,"[14] For when Gentiles who do not have the Law do instinctively the things of the Law, these, not having the Law, are a law to themselves, [15] in that they show the work of the Law written in their hearts, their conscience bearing witness and their thoughts alternately accusing or else defending them, (NASB)"
Genesis,19,4,8,csb,"[4] Before they went to bed, the men of the city of Sodom, both young and old, the whole population, surrounded the house. [5] They called out to Lot and said, “Where are the men who came to you tonight? Send them out to us so we can have sex with them! ”  [6] Lot went out to them at the entrance and shut the door behind him. [7] He said, “Don’t do this evil, my brothers. [8] Look, I’ve got two daughters who haven’t been intimate with a man.  I’ll bring them out to you, and you can do whatever you want  to them. However, don’t do anything to these men, because they have come under the protection of my roof.” (CSB)"
Romans,2,16,,nasb,"[16] on the day when, according to my gospel, God will judge the secrets of men through Christ Jesus. (NASB)"
Exodus,3,14,,csb,"[14] God replied to Moses, “I AM WHO I AM. , This is what you are to say to the Israelites: I AM has sent me to you.” (CSB)"
Romans,3,10,,nasb,"[10] as it is written, “There is none righteous, not even one; (NASB)"
Exodus,20,5,,csb,"[5] Do not bow in worship to them, and do not serve them; for I, the Lord your God, am a jealous God,  bringing the consequences of the fathers’ iniquity on the children to the third and fourth generations  of those who hate me, (CSB)"
Romans,3,19,,nasb,"[19] Now we know that whatever the Law says, it speaks to those who are under the Law, so that every mouth may be closed and all the world may become accountable to God; (NASB)"
Exodus,29,36,37,csb,"[36] Sacrifice a bull as a sin offering each day for atonement. Purify  the altar when you make atonement for it, and anoint it in order to consecrate it.  [37] For seven days you must make atonement for the altar and consecrate it. The altar will be especially holy. Whatever touches the altar will be consecrated.  (CSB)"
Romans,3,20,,nasb,[20] because by the works of the Law no flesh will be justified in His sight; for through the Law comes the knowledge of sin. (NASB)
Exodus,30,10,,csb,"[10] “Once a year Aaron is to perform the atonement ceremony for the altar. Throughout your generations he is to perform the atonement ceremony for  it once a year, with the blood of the sin offering for atonement on the horns.  The altar is especially holy to the Lord.” (CSB)"
Romans,3,21,22,nasb,"[21] But now apart from the Law the righteousness of God has been manifested, being witnessed by the Law and the Prophets, [22] even the righteousness of God through faith in Jesus Christ for all those who believe; for there is no distinction; (NASB)"
Exodus,30,15,16,csb,[15] The wealthy may not give more and the poor may not give less  than half a shekel when giving the contribution to the Lord to atone for  your lives. [16] Take the atonement price  from the Israelites and use it for the service of the tent of meeting. It will serve as a reminder for the Israelites before the Lord to atone for your lives.”  (CSB)
Romans,3,22,,nasb,[22] even the righteousness of God through faith in Jesus Christ for all those who believe; for there is no distinction; (NASB)
Exodus,34,6,7,csb,"[6] The Lord passed in front of him and proclaimed: The Lord #— #the Lord is a compassionate and gracious God, slow to anger and abounding in faithful love and truth,  [7] maintaining faithful love to a thousand generations, forgiving iniquity, rebellion, and sin.  But he will not leave the guilty  unpunished, bringing the consequences of the fathers’ iniquity on the children and grandchildren to the third and fourth generation. (CSB)"
Romans,3,22,25,nasb,"[22] even the righteousness of God through faith in Jesus Christ for all those who believe; for there is no distinction; [23] for all have sinned and fall short of the glory of God, [24] being justified as a gift by His grace through the redemption which is in Christ Jesus; [25] whom God displayed publicly as a propitiation in His blood through faith. This was to demonstrate His righteousness, because in the forbearance of God He passed over the sins previously committed; (NASB)"
Exodus,34,35,,csb,[35] and the Israelites would see that Moses’s face  was radiant. Then Moses would put the veil over his face again until he went to speak with the Lord. (CSB)
Romans,3,24,25,nasb,"[24] being justified as a gift by His grace through the redemption which is in Christ Jesus; [25] whom God displayed publicly as a propitiation in His blood through faith. This was to demonstrate His righteousness, because in the forbearance of God He passed over the sins previously committed; (NASB)"
Romans,2,4,,csb,"[4] Or do you despise the riches of his kindness,  restraint,  and patience,  not recognizing  that God’s kindness  is intended to lead you to repentance? (CSB)"
Romans,3,25,26,nasb,"[25] whom God displayed publicly as a propitiation in His blood through faith. This was to demonstrate His righteousness, because in the forbearance of God He passed over the sins previously committed; [26] for the demonstration, I say, of His righteousness at the present time, so that He would be just and the justifier of the one who has faith in Jesus. (NASB)"
Romans,2,5,,csb,"[5] Because of your hardened and unrepentant heart you are storing up wrath  for yourself in the day of wrath,  when God’s righteous judgment is revealed. (CSB)"
Romans,2,5,,en-asv,but after thy hardness and impenitent heart treasurest up for thyself wrath in the day of wrath and revelation of the righteous judgment of God;
Romans,2,12,,en-t4t,"Although non-Jews do not have the laws that God gave to Moses, all non-Jews who sin will be eternally separated from God. He will not consider whether or not they knew the laws that he gave to Moses. And all the Jews who have sinned in spite of knowing the laws that God gave to Moses will also be punished {God will also punish them}. They will be punished for disobeying God’s laws."
Exodus,34,6,7,en-bsb,"[6] Then the LORD passed in front of Moses and called out: [7] maintaining loving devotion to a thousand generations,34:7 Hebrew to thousands"
Romans,2,6,,en-asv,who will render to every man according to his works:
Romans,2,7,,en-asv,"to them that by patience in well-doing seek for glory and honor and incorruption, eternal life:"
Exodus,34,35,,en-bsb,and the Israelites would see that the face of Moses was radiant. So Moses would put the veil back over his face until he went in to speak with the LORD.
Romans,2,14,15,en-t4t,"[14] Whenever the non-Jews, who do not have the laws God gave to Moses, naturally obey those laws, they prove that they have a law within their own minds, even though they do not have the laws God gave to Moses. [15] They show that they know in their own minds what God commands in his laws [MET], as each person in his very own conscience either accuses or excuses/defends himself concerning his own behavior."
Romans,2,12,,en-asv,For as many as have sinned without the law shall also perish without the law: and as many as have sinned under the law shall be judged by the law;
Romans,2,16,,en-t4t,God will punish people at the time when he will judge them according to what they have thought and done. He will judge them even for the things that they have done secretly. He will judge people by authorizing Christ Jesus to judge them. This is what I tell people when I preach the gospel to them.
Romans,2,4,,en-bsb,"Or do you disregard the riches of His kindness, tolerance, and patience, not realizing that God’s kindness leads you to repentance?"
Romans,2,5,,en-bsb,"But because of your hard and unrepentant heart, you are storing up wrath against yourself for the day of wrath, when God’s righteous judgment will be revealed."
Romans,2,14,15,en-asv,"[14] (for when Gentiles that have not the law do by nature the things of the law, these, not having the law, are the law unto themselves; [15] in that they show the work of the law written in their hearts, their conscience bearing witness therewith, and their thoughts one with another accusing or else excusing them);"
Romans,2,6,,en-bsb,God “will repay each one according to his deeds.”2:6 Psalms 62:12
Romans,3,10,,en-t4t,"The following words that are written {prophets have written} in the Scriptures support this,"
Romans,2,7,,en-bsb,"To those who by perseverance in doing good seek glory, honor, and immortality, He will give eternal life."
Romans,2,16,,en-asv,"in the day when God shall judge the secrets of men, according to my gospel, by Jesus Christ."
Romans,3,19,,en-t4t,"Furthermore, we know that it is to Jewish people, who are required to obey God’s laws, that Moses wrote those laws [PRS]. We can infer from this that there are no Jews or non-Jews [SYN] who are able to say anything in reply to God’s saying that he will punish them for having sinned. God has declared everyone in the world [MTY] guilty!"
Romans,3,10,,en-asv,"as it is written,"
Romans,2,12,,en-bsb,"All who sin apart from the law will also perish apart from the law, and all who sin under the law will be judged by the law."
Romans,3,20,,en-t4t,"It is not because people have done the things that God’s laws require that God will ◄erase the record of their sins/declare them no longer guilty for sin►, because no one has done those things completely. In fact, the result of our knowing God’s laws is that we know clearly that we have sinned (OR, are sinful)."
Romans,3,19,,en-asv,"Now we know that what things soever the law saith, it speaketh to them that are under the law; that every mouth may be stopped, and all the world may be brought under the judgment of God:"
Romans,3,20,,en-asv,because by the works of the law shall no flesh be justified in his sight; for through the law cometh the knowledge of sin.
Romans,3,21,22,en-t4t,"[21] But God’s ◄erasing the record of our sins/declaring us no longer guilty► does not depend on our obeying the laws that he gave Moses. It has now been {God has now} revealed to us how he erases the record of our sins by a different way. It was written about by Moses {Moses wrote about it} in the laws [PRS] God gave him, and it was also written about by the prophets {the prophets also wrote about it}. [22] God erases the record of our sins because we trust in what Jesus Christ has done for us. God does this for every person who trusts in Christ, because he considers that there is no difference between Jews and non-Jews."
Romans,3,22,,en-t4t,"God erases the record of our sins because we trust in what Jesus Christ has done for us. God does this for every person who trusts in Christ, because he considers that there is no difference between Jews and non-Jews."
Romans,3,21,22,en-asv,"[21] But now apart from the law a righteousness of God hath been manifested, being witnessed by the law and the prophets; [22] even the righteousness of God through faith in Jesus Christ unto all them that believe; for there is no distinction;"
Romans,3,22,,en-asv,even the righteousness of God through faith in Jesus Christ unto all them that believe; for there is no distinction;
Romans,2,14,15,en-bsb,"[14] Indeed, when Gentiles, who do not have the law, do by nature what the law requires, they are a law to themselves, even though they do not have the law. [15] So they show that the work of the law is written on their hearts, their consciences also bearing witness, and their thoughts either accusing or defending them"
Romans,2,16,,en-bsb,"on the day when God will judge men’s secrets through Christ Jesus,2:16 BYZ and TR through Jesus Christ as proclaimed by my gospel."
Romans,3,10,,en-bsb,As it is written:
Psalms,110,1,,esv,"A Psalm of David. [1] The LORD says to my Lord: “Sit at my right hand, until I make your enemies your footstool.” (ESV)"
Romans,4,2,,nasb,"[2] For if Abraham was justified by works, he has something to boast about, but not before God. (NASB)"
Romans,2,6,,csb,"[6] He will repay each one according to his works: , (CSB)"
Romans,4,5,,nasb,"[5] But to the one who does not work, but believes in Him who justifies the ungodly, his faith is credited as righteousness, (NASB)"
Romans,2,7,,csb,"[7] eternal life  to those who by persistence in doing good  seek glory, honor,  and immortality;  (CSB)"
Romans,2,12,,csb,"[12] For all who sin without the law  will also perish without the law, and all who sin under  the law will be judged by the law. (CSB)"
Romans,2,14,15,csb,"[14] So, when Gentiles, who do not by nature have the law,  do  what the law demands, they are a law to themselves even though they do not have the law. [15] They show that the work of the law  is written on their hearts.  Their consciences confirm this. Their competing thoughts either accuse or even excuse them  (CSB)"
Romans,2,16,,csb,"[16] on the day when God judges  what people have kept secret, according to my gospel through Christ Jesus.  (CSB)"
Romans,3,10,,csb,"[10] as it is written: There is no one righteous, not even one. (CSB)"
Romans,3,19,,csb,"[19] Now we know that whatever the law says,  it speaks to those who are subject to the law, , so that every mouth may be shut and the whole world may become subject to God’s judgment. , (CSB)"
Romans,3,20,,csb,"[20] For no one will be justified  in his sight by the works of the law,  because the knowledge of sin comes through the law.  (CSB)"
Romans,3,21,22,csb,"[21] But now, apart from the law, the righteousness of God has been revealed,  attested by the Law and the Prophets. , [22] The righteousness of God is through faith  in Jesus Christ , to all who believe,  since there is no distinction.  (CSB)"
Romans,3,22,,csb,"[22] The righteousness of God is through faith  in Jesus Christ , to all who believe,  since there is no distinction.  (CSB)"
Romans,3,22,25,csb,"[22] The righteousness of God is through faith  in Jesus Christ , to all who believe,  since there is no distinction.  [23] For all have sinned  and fall short of the  glory of God; [24] they are justified freely by his grace  through the redemption that is in Christ Jesus.  [25] God presented him as the mercy seat , by his blood,  through faith, to demonstrate his righteousness, because in his restraint God  passed over the sins previously committed.  (CSB)"
Romans,3,24,25,csb,"[24] they are justified freely by his grace  through the redemption that is in Christ Jesus.  [25] God presented him as the mercy seat , by his blood,  through faith, to demonstrate his righteousness, because in his restraint God  passed over the sins previously committed.  (CSB)"
Romans,3,25,26,csb,"[25] God presented him as the mercy seat , by his blood,  through faith, to demonstrate his righteousness, because in his restraint God  passed over the sins previously committed.  [26] God presented him to demonstrate his righteousness at the present time, so that he would be just and justify the one who has faith in Jesus. (CSB)"
Romans,4,2,,csb,"[2] If Abraham was justified  by works,  he has something to boast about #— #but not before God. (CSB)"
Romans,4,5,,csb,"[5] But to the one who does not work, but believes on him who justifies the ungodly,  his faith is credited for righteousness. (CSB)"
Genesis,1,1,,en-asv,In the beginning God created the heavens and the earth.
Genesis,1,1,,en-t4t,"Long, long ago God created the heavens and the earth."
Genesis,1,25,27,en-asv,"[25] And God made the beasts of the earth after their kind, and the cattle after their kind, and everything that creepeth upon the ground after its kind: and God saw that it was good. [26] And God said, Let us make man in our image, after our likeness: and let them have dominion over the fish of the sea, and over the birds of the heavens, and over the cattle, and over all the earth, and over every creeping thing that creepeth upon the earth. [27] And God created man in his own image, in the image of God created he him; male and female created he them."
Genesis,1,1,,en-bsb,In the beginning God created the heavens and the earth.
Genesis,1,28,30,en-asv,"[28] And God blessed them: and God said unto them, Be fruitful, and multiply, and replenish the earth, and subdue it; and have dominion over the fish of the sea, and over the birds of the heavens, and over every living thing that moveth upon the earth. [29] And God said, Behold, I have given you every herb yielding seed, which is upon the face of all the earth, and every tree, in which is the fruit of a tree yielding seed; to you it shall be for food: [30] and to every beast of the earth, and to every bird of the heavens, and to everything that creepeth upon the earth, wherein there is life, I have given every green herb for food: and it was so."
Genesis,1,25,27,en-t4t,"[25] God made all kinds of wild animals and ◄livestock/domestic animals► and all kinds of creatures that scurry across the ground. God was pleased with all these creatures. [26] Then God said, “Now we will make human beings that will be like us in many ways. I want them to rule over the fish in the sea, over the birds, over all the ◄livestock/domestic animals►, and over all the other creatures that scurry across the ground.” [27] So God created human beings that were like him in many ways. He made them to be like himself. He created some to be male and some to be female."
Genesis,1,25,27,en-bsb,"[25] God made the beasts of the earth according to their kinds, the livestock according to their kinds, and everything that crawls upon the earth according to its kind. And God saw that it was good. [26] Then God said, “Let Us make man in Our image, after Our likeness, to rule over the fish of the sea and the birds of the air, over the livestock, and over all the earth itself 1:26 MT; Syriac and over all the beasts of the earth and every creature that crawls upon it.” [27] So God created man in His own image;"
Genesis,2,16,17,en-asv,"[16] And Jehovah God commanded the man, saying, Of every tree of the garden thou mayest freely eat: [17] but of the tree of the knowledge of good and evil, thou shalt not eat of it: for in the day that thou eatest thereof thou shalt surely die."
Exodus,3,14,,en-bsb,"God said to Moses, “I AM WHO I AM.3:14 Or I WILL BE WHAT I WILL BE This is what you are to say to the Israelites: ‘I AM has sent me to you.’”"
Exodus,20,5,,en-asv,"thou shalt not bow down thyself unto them, nor serve them; for I Jehovah thy God am a jealous God, visiting the iniquity of the fathers upon the children, upon the third and upon the fourth generation of them that hate me,"
Genesis,1,28,30,en-t4t,"[28] God blessed them, saying, “Produce many children, who will live all over the earth and rule over it. I want them to rule over the fish and the birds and over all creatures that scurry across the ground.” [29] God said to the humans, “Listen! I have given you all the plants that produce seeds, all over the earth, and all the trees that have seeds in their fruit. All these things are for you to eat. [30] I have given all the green plants to all the wild animals and to the birds and to all the creatures that scurry across the ground, to everything that breathes, for them to eat.” And that is what happened."
Genesis,1,28,30,en-bsb,"[28] God blessed them and said to them, “Be fruitful and multiply, and fill the earth and subdue it; rule over the fish of the sea and the birds of the air and every creature that crawls upon the earth.” [29] Then God said, “Behold, I have given you every seed-bearing plant on the face of all the earth, and every tree whose fruit contains seed. They will be yours for food. [30] And to every beast of the earth and every bird of the air and every creature that crawls upon the earth—everything that has the breath of life in it—I have given every green plant for food.” And it was so."
Genesis,3,2,3,en-asv,"[2] And the woman said unto the serpent, Of the fruit of the trees of the garden we may eat: [3] but of the fruit of the tree which is in the midst of the garden, God hath said, Ye shall not eat of it, neither shall ye touch it, lest ye die."
Genesis,3,6,,en-asv,"And when the woman saw that the tree was good for food, and that it was a delight to the eyes, and that the tree was to be desired to make one wise, she took of the fruit thereof, and did eat; and she gave also unto her husband with her, and he did eat."
Genesis,2,16,17,en-bsb,"[16] And the LORD God commanded him, “You may eat freely from every tree of the garden, [17] but you must not eat from the tree of the knowledge of good and evil; for in the day that you eat of it, you will surely die.”"
Genesis,3,7,,en-asv,"And the eyes of them both were opened, and they knew that they were naked; and they sewed fig-leaves together, and made themselves aprons."
Genesis,3,6,,en-t4t,"The woman saw that the fruit on that tree was good to eat, and it was very beautiful, and she desired it because she thought it would make her wise. So she picked some of the fruit and ate it. Then she gave some to her husband, and he ate it."
Genesis,3,7,,en-t4t,"Immediately it was as though their eyes were opened, and they realized that they were naked, so they were ashamed. So they picked some fig leaves and fastened them together to make clothes for themselves."
Genesis,3,2,3,en-bsb,"[2] The woman answered the serpent, “We may eat the fruit of the trees of the garden, [3] but about the fruit of the tree in the middle of the garden, God has said, ‘You must not eat of it or touch it, or you will die.’”"
Genesis,3,6,,en-bsb,"When the woman saw that the tree was good for food and pleasing to the eyes, and that it was desirable for obtaining wisdom, she took the fruit and ate it. She also gave some to her husband who was with her, and he ate it."
Genesis,3,7,,en-bsb,"And the eyes of both of them were opened, and they knew that they were naked; so they sewed together fig leaves and made coverings for themselves."
Genesis,19,4,8,en-t4t,"[4] After they finished eating, before they went to bed, the men of Sodom city, all of them, from the young ones to the old ones, surrounded the house. [5] They called out to Lot, saying, “Where are the men who came to your house this evening? Bring them out, so that we can have sex with them!” [EUP] [6] Lot went outside the house and shut the door behind him, so that they could not go inside. [7] He said to them, “My friends, don’t do such an evil thing! [8] Listen to me. I have two daughters who have never had sex with any man. Let me bring them out to you now, and you can do with them whatever pleases you. But don’t do anything to these men, because they are guests in my house, so I must protect them!”"
Exodus,3,14,,en-t4t,"God replied, “I AM who I AM.” And he said, “Tell the Israeli people that the one who is named ‘I AM’ has sent me to you.”"
Exodus,20,5,,en-t4t,"You must not bow down to any idol and worship it, because I am Yahweh God, and I ◄am very jealous/want you to worship me only►. I will punish those who sin and hate me. I will punish not only them, but I will punish ◄their descendants, down to the third and fourth generation/their children and grandchildren and great-grandchildren►."
Genesis,19,4,8,en-asv,"[4] But before they lay down, the men of the city, even the men of Sodom, compassed the house round, both young and old, all the people from every quarter; [5] and they called unto Lot, and said unto him, Where are the men that came in to thee this night? bring them out unto us, that we may know them. [6] And Lot went out unto them to the door, and shut the door after him. [7] And he said, I pray you, my brethren, do not so wickedly. [8] Behold now, I have two daughters that have not known man; let me, I pray you, bring them out unto you, and do ye to them as is good in your eyes: only unto these men do nothing, forasmuch as they are come under the shadow of my roof."
Exodus,3,14,,en-asv,"And God said unto Moses, I AM THAT I AM: and he said, Thus shalt thou say unto the children of Israel, I AM hath sent me unto you."
Genesis,19,4,8,en-bsb,"[4] Before they had gone to bed, all the men of the city of Sodom, both young and old, surrounded the house. [5] They called out to Lot, saying, “Where are the men who came to you tonight? Send them out to us so we can have relations with them!” [6] Lot went outside to meet them, shutting the door behind him. [7] “Please, my brothers,” he pleaded, “don’t do such a wicked thing! [8] Look, I have two daughters who have never slept with a man. Let me bring them to you, and you can do to them as you please. But do not do anything to these men, for they have come under the protection of my roof.”"
Exodus,29,36,37,en-t4t,"[36] Each of those seven days you must also sacrifice a young bull as an offering to me, in order that I may forgive sins. Also, you must make another offering ◄to make the altar pure in my sight/in order that I will consider the altar to be pure►. You must also anoint the altar with olive oil, to ◄set it apart/dedicate it►. [37] Perform these rituals every day for seven days, to ◄set apart/dedicate► the altar and make it pure. If you do not do that, anyone or anything that touches the altar will become taboo."
Exodus,30,10,,en-t4t,"One time every year Aaron must perform the ritual for making this altar pure. He must do it by putting on its four projections some of the blood from the animal that was sacrificed ◄to remove the guilt of the people’s sins/so that the people would no longer be guilty for sins►. This ritual is to be done by Aaron and his descendants throughout all future generations. This altar must be completely dedicated to me, Yahweh.”"
Exodus,29,36,37,en-asv,"[36] And every day shalt thou offer the bullock of sin-offering for atonement: and thou shalt cleanse the altar, when thou makest atonement for it; and thou shalt anoint it, to sanctify it. [37] Seven days thou shalt make atonement for the altar, and sanctify it: and the altar shall be most holy; whatsoever toucheth the altar shall be holy."
Exodus,30,15,16,en-t4t,"[15] Rich men must not pay more than this amount, and poor men must not pay less than this amount, when they pay this money to save their lives. [16] Your leaders must collect this money from the Israeli people and give it to those who will take care of the Sacred Tent. This money is the payment for the lives of those who take care of the Sacred Tent, ◄to enable me not to forget them/and then I will remember to protect them►.”"
Exodus,20,5,,en-bsb,"You shall not bow down to them or worship them; for I, the LORD your God, am a jealous God, visiting the iniquity of the fathers on their children to the third and fourth generations of those who hate Me,"
Exodus,30,10,,en-asv,And Aaron shall make atonement upon the horns of it once in the year; with the blood of the sin-offering of atonement once in the year shall he make atonement for it throughout your generations: it is most holy unto Jehovah.
Exodus,34,6,7,en-t4t,"[6] Then Yahweh passed in front of him/me and proclaimed, “I am Yahweh God. I always act mercifully and kindly toward people. I do not get angry quickly. I truly love people and I do what I promise to do for them, without changing. [7] I love people for thousands of generations. I forgive people for all kinds of sins [TRI]. But I will certainly punish [LIT] those who are guilty. I will punish not only them, but I will punish ◄their descendants, down to the third and fourth generation/their children and grandchildren and great-grandchildren►.”"
Exodus,30,15,16,en-asv,"[15] The rich shall not give more, and the poor shall not give less, than the half shekel, when they give the offering of Jehovah, to make atonement for your souls. [16] And thou shalt take the atonement money from the children of Israel, and shalt appoint it for the service of the tent of meeting; that it may be a memorial for the children of Israel before Jehovah, to make atonement for your souls."
Exodus,34,35,,en-t4t,The Israeli people would see that Moses’/my face was still shining. Then he/I would put the veil back on his/my face again until the next time that he/I went into the Sacred Tent to talk with Yahweh.
Exodus,29,36,37,en-bsb,"[36] Sacrifice a bull as a sin offering each day for atonement. Purify the altar by making atonement for it, and anoint it to consecrate it. [37] For seven days you shall make atonement for the altar and consecrate it. Then the altar will become most holy; whatever touches the altar will be holy."
Exodus,34,6,7,en-asv,"[6] And Jehovah passed by before him, and proclaimed, Jehovah, Jehovah, a God merciful and gracious, slow to anger, and abundant in lovingkindness and truth; [7] keeping lovingkindness for thousands, forgiving iniquity and transgression and sin; and that will by no means clear the guilty, visiting the iniquity of the fathers upon the children, and upon the children’s children, upon the third and upon the fourth generation."
Romans,2,4,,en-t4t,"And you should not say, “God is acting very tolerantly and patiently toward me, so I do not need to stop sinning [DOU].” ◄You should realize that God is acting in a kind manner toward you in order to encourage you (sg) to turn away from your sinful behavior!/Do you not realize that God is acting in a kind manner toward you in order to encourage you (sg) to turn away from your sinful behavior?► [RHQ]"
Exodus,30,10,,en-bsb,Once a year Aaron shall make atonement on the horns of the altar. Throughout your generations he shall make atonement on it annually with the blood of the sin offering 30:10 Or purification offering of atonement. The altar is most holy to the LORD.”
Exodus,34,35,,en-asv,"And the children of Israel saw the face of Moses, that the skin of Moses’ face shone: and Moses put the veil upon his face again, until he went in to speak with him."
Romans,2,5,,en-t4t,"But instead, by your stubbornly refusing to turn away from your sinful behavior [DOU], you are causing [MET] God to punish you even more severely. He will do that at the time when he shows that he is angry and judges people fairly."
Romans,2,4,,en-asv,"Or despisest thou the riches of his goodness and forbearance and longsuffering, not knowing that the goodness of God leadeth thee to repentance?"
Romans,2,6,,en-t4t,God will pay back everyone according to what they deserve for what they have done.
Exodus,30,15,16,en-bsb,"[15] In making the offering to the LORD to atone for your lives, the rich shall not give more than a half shekel, nor shall the poor give less. [16] Take the atonement money from the Israelites and use it for the service of the Tent of Meeting. It will serve as a memorial for the Israelites before the LORD to make atonement for your lives.”"
Romans,2,7,,en-t4t,"Specifically, some people, by continuing to doing good things, strive to be highly honored by God [DOU] and to receive a life that will not end. God will reward them by enabling them to live forever."
Romans,3,22,25,en-t4t,"[22] God erases the record of our sins because we trust in what Jesus Christ has done for us. God does this for every person who trusts in Christ, because he considers that there is no difference between Jews and non-Jews. [23] All people have done evil, and all people have failed to accomplish the glorious goals that God set for them. [24] Our record of sins has been erased {God erased the record of our sins} by God acting kindly to forgive our sins, without our doing anything to earn it. Christ Jesus accomplished this by dying for us. [25] God showed that Christ was the one who would atone for (OR, forgive) our sins with the blood that flowed from his body when he died. God redeems/forgives us because of our trusting in Christ’s having died for us. God wanted to show that he acts justly. He wanted to do that because, before Jesus came, God did not punish everyone who sinned. So it seemed as though he was not being just. But he was overlooking people’s sins during that time,"
Romans,3,24,25,en-t4t,"[24] Our record of sins has been erased {God erased the record of our sins} by God acting kindly to forgive our sins, without our doing anything to earn it. Christ Jesus accomplished this by dying for us. [25] God showed that Christ was the one who would atone for (OR, forgive) our sins with the blood that flowed from his body when he died. God redeems/forgives us because of our trusting in Christ’s having died for us. God wanted to show that he acts justly. He wanted to do that because, before Jesus came, God did not punish everyone who sinned. So it seemed as though he was not being just. But he was overlooking people’s sins during that time,"
Psalms,148,5,,esv,[5] Let them praise the name of the LORD! For he commanded and they were created. (ESV)
Romans,3,22,25,en-asv,"[22] even the righteousness of God through faith in Jesus Christ unto all them that believe; for there is no distinction; [23] for all have sinned, and fall short of the glory of God; [24] being justified freely by his grace through the redemption that is in Christ Jesus: [25] whom God set forth to be a propitiation, through faith, in his blood, to show his righteousness because of the passing over of the sins done aforetime, in the forbearance of God;"
Romans,3,24,25,en-asv,"[24] being justified freely by his grace through the redemption that is in Christ Jesus: [25] whom God set forth to be a propitiation, through faith, in his blood, to show his righteousness because of the passing over of the sins done aforetime, in the forbearance of God;"
Romans,3,19,,en-bsb,"Now we know that whatever the law says, it says to those who are under the law, so that every mouth may be silenced and the whole world held accountable to God."
Romans,3,25,26,en-t4t,"[25] God showed that Christ was the one who would atone for (OR, forgive) our sins with the blood that flowed from his body when he died. God redeems/forgives us because of our trusting in Christ’s having died for us. God wanted to show that he acts justly. He wanted to do that because, before Jesus came, God did not punish everyone who sinned. So it seemed as though he was not being just. But he was overlooking people’s sins during that time, [26] because he is patient. God arranged for Jesus to die for us. By doing that, God now shows that he is just, and he shows that he is justly able to erase the record of sins for everyone who trusts/believes in Jesus."
Romans,3,25,26,en-asv,"[25] whom God set forth to be a propitiation, through faith, in his blood, to show his righteousness because of the passing over of the sins done aforetime, in the forbearance of God; [26] for the showing, I say, of his righteousness at this present season: that he might himself be just, and the justifier of him that hath faith in Jesus."
Romans,3,20,,en-bsb,Therefore no one will be justified in His sight by works of the law. For the law merely brings awareness of sin.
Romans,4,2,,en-t4t,"If it was because of Abraham’s doing good things that the record of his sins was erased {that God erased the record of his sins}, Abraham could then have been able to boast about that to people, but he would not have had any basis to boast to God about it."
Romans,4,2,,en-asv,"For if Abraham was justified by works, he hath whereof to glory; but not toward God."
Romans,4,5,,en-t4t,"But suppose that we do not do things to gain God’s acceptance. Suppose that we instead trust in God, who erases the record of sins of wicked people. Then the erasing of the record of our sins because of our trusting in Christ is considered to be a gift to us, not something that we earned."
Romans,4,5,,en-asv,"But to him that worketh not, but believeth on him that justifieth the ungodly, his faith is reckoned for righteousness."
Genesis,1,1,,en-web,"In the beginning, God1:1 The Hebrew word rendered “God” is “אֱלֹהִ֑ים” (Elohim). created the heavens and the earth."
Romans,3,21,22,en-bsb,"[21] But now, apart from the law, the righteousness of God has been revealed, as attested by the Law and the Prophets. [22] And this righteousness from God comes through faith in Jesus Christ to all who believe. There is no distinction,"
Romans,3,22,,en-bsb,"And this righteousness from God comes through faith in Jesus Christ to all who believe. There is no distinction,"
Genesis,1,25,27,en-web,"[25] God made the animals of the earth after their kind, and the livestock after their kind, and everything that creeps on the ground after its kind. God saw that it was good. [26] God said, “Let’s make man in our image, after our likeness. Let them have dominion over the fish of the sea, and over the birds of the sky, and over the livestock, and over all the earth, and over every creeping thing that creeps on the earth.” [27] God created man in his own image. In God’s image he created him; male and female he created them."
Romans,3,22,25,en-bsb,"[22] And this righteousness from God comes through faith in Jesus Christ to all who believe. There is no distinction, [23] for all have sinned and fall short of the glory of God, [24] and are justified freely by His grace through the redemption that is in Christ Jesus. [25] God presented Him as the atoning sacrifice 3:25 Or as a propitiation through faith in His blood, in order to demonstrate His righteousness, because in His forbearance He had passed over the sins committed beforehand."
Romans,3,24,25,en-bsb,"[24] and are justified freely by His grace through the redemption that is in Christ Jesus. [25] God presented Him as the atoning sacrifice 3:25 Or as a propitiation through faith in His blood, in order to demonstrate His righteousness, because in His forbearance He had passed over the sins committed beforehand."
Romans,3,25,26,en-bsb,"[25] God presented Him as the atoning sacrifice 3:25 Or as a propitiation through faith in His blood, in order to demonstrate His righteousness, because in His forbearance He had passed over the sins committed beforehand. [26] He did this to demonstrate His righteousness at the present time, so as to be just and to justify the one who has faith in Jesus."
Romans,4,2,,en-bsb,"If Abraham was indeed justified by works, he had something to boast about, but not before God."
Genesis,1,28,30,en-web,"[28] God blessed them. God said to them, “Be fruitful, multiply, fill the earth, and subdue it. Have dominion over the fish of the sea, over the birds of the sky, and over every living thing that moves on the earth.” [29] God said, “Behold,1:29 “Behold”, from “הִנֵּה”, means look at, take notice, observe, see, or gaze at. It is often used as an interjection. I have given you every herb yielding seed, which is on the surface of all the earth, and every tree, which bears fruit yielding seed. It will be your food. [30] To every animal of the earth, and to every bird of the sky, and to everything that creeps on the earth, in which there is life, I have given every green herb for food;” and it was so."
Romans,4,5,,en-bsb,"However, to the one who does not work, but believes in Him who justifies the wicked, his faith is credited as righteousness."
Genesis,2,16,17,en-web,"[16] Yahweh God commanded the man, saying, “You may freely eat of every tree of the garden; [17] but you shall not eat of the tree of the knowledge of good and evil; for in the day that you eat of it, you will surely die.”"
Genesis,3,2,3,en-web,"[2] The woman said to the serpent, “We may eat fruit from the trees of the garden, [3] but not the fruit of the tree which is in the middle of the garden. God has said, ‘You shall not eat of it. You shall not touch it, lest you die.’”"
Matthew,22,44,,esv,"[44] “‘The Lord said to my Lord, “Sit at my right hand, until I put your enemies under your feet”’? (ESV)"
Genesis,3,6,,en-web,"When the woman saw that the tree was good for food, and that it was a delight to the eyes, and that the tree was to be desired to make one wise, she took some of its fruit, and ate. Then she gave some to her husband with her, and he ate it, too."
Genesis,3,7,,en-web,"Their eyes were opened, and they both knew that they were naked. They sewed fig leaves together, and made coverings for themselves."
Genesis,19,4,8,en-web,"[4] But before they lay down, the men of the city, the men of Sodom, surrounded the house, both young and old, all the people from every quarter. [5] They called to Lot, and said to him, “Where are the men who came in to you this night? Bring them out to us, that we may have sex with them.” [6] Lot went out to them through the door, and shut the door after himself. [7] He said, “Please, my brothers, don’t act so wickedly. [8] See now, I have two virgin daughters. Please let me bring them out to you, and you may do to them what seems good to you. Only don’t do anything to these men, because they have come under the shadow of my roof.”"
Exodus,3,14,,en-web,"God said to Moses, “I AM WHO I AM,” and he said, “You shall tell the children of Israel this: ‘I AM has sent me to you.’”"
Exodus,20,5,,en-web,"you shall not bow yourself down to them, nor serve them, for I, Yahweh your God, am a jealous God, visiting the iniquity of the fathers on the children, on the third and on the fourth generation of those who hate me,"
Exodus,29,36,37,en-web,"[36] Every day you shall offer the bull of sin offering for atonement. You shall cleanse the altar when you make atonement for it. You shall anoint it, to sanctify it. [37] Seven days you shall make atonement for the altar, and sanctify it; and the altar shall be most holy. Whatever touches the altar shall be holy."
Exodus,30,10,,en-web,Aaron shall make atonement on its horns once in the year; with the blood of the sin offering of atonement once in the year he shall make atonement for it throughout your generations. It is most holy to Yahweh.”
Exodus,30,15,16,en-web,"[15] The rich shall not give more, and the poor shall not give less, than the half shekel,30:15 A shekel is about 10 grams or about 0.35 ounces. when they give the offering of Yahweh, to make atonement for your souls. [16] You shall take the atonement money from the children of Israel, and shall appoint it for the service of the Tent of Meeting; that it may be a memorial for the children of Israel before Yahweh, to make atonement for your souls.”"
Exodus,34,6,7,en-web,"[6] Yahweh passed by before him, and proclaimed, “Yahweh! Yahweh, a merciful and gracious God, slow to anger, and abundant in loving kindness and truth, [7] keeping loving kindness for thousands, forgiving iniquity and disobedience and sin; and who will by no means clear the guilty, visiting the iniquity of the fathers on the children, and on the children’s children, on the third and on the fourth generation.”"
Exodus,34,35,,en-web,"The children of Israel saw Moses’ face, that the skin of Moses’ face shone; so Moses put the veil on his face again, until he went in to speak with him."
Romans,2,4,,en-web,"Or do you despise the riches of his goodness, forbearance, and patience, not knowing that the goodness of God leads you to repentance?"
Romans,2,5,,en-web,"But according to your hardness and unrepentant heart you are treasuring up for yourself wrath in the day of wrath, revelation, and of the righteous judgment of God,"
Romans,2,6,,en-web,who “will pay back to everyone according to their works:”2:6 Psalm 62:12; Proverbs 24:12
Romans,2,7,,en-web,"to those who by perseverance in well-doing seek for glory, honor, and incorruptibility, eternal life;"
Romans,2,12,,en-web,For as many as have sinned without the law will also perish without the law. As many as have sinned under the law will be judged by the law.
Romans,2,14,15,en-web,"[14] (for when Gentiles who don’t have the law do by nature the things of the law, these, not having the law, are a law to themselves, [15] in that they show the work of the law written in their hearts, their conscience testifying with them, and their thoughts among themselves accusing or else excusing them)"
Romans,2,16,,en-web,"in the day when God will judge the secrets of men, according to my Good News, by Jesus Christ."
Romans,3,10,,en-web,"As it is written,"
Romans,3,19,,en-web,"Now we know that whatever things the law says, it speaks to those who are under the law, that every mouth may be closed, and all the world may be brought under the judgment of God."
Romans,3,20,,en-web,"Because by the works of the law, no flesh will be justified in his sight; for through the law comes the knowledge of sin."
Romans,3,21,22,en-web,"[21] But now apart from the law, a righteousness of God has been revealed, being testified by the law and the prophets; [22] even the righteousness of God through faith in Jesus Christ to all and on all those who believe. For there is no distinction,"
Romans,3,22,,en-web,"even the righteousness of God through faith in Jesus Christ to all and on all those who believe. For there is no distinction,"
Psalms,115,3,,esv,[3] Our God is in the heavens; he does all that he pleases. (ESV)
Romans,3,22,25,en-web,"[22] even the righteousness of God through faith in Jesus Christ to all and on all those who believe. For there is no distinction, [23] for all have sinned, and fall short of the glory of God; [24] being justified freely by his grace through the redemption that is in Christ Jesus, [25] whom God sent to be an atoning sacrifice3:25 or, a propitiation through faith in his blood, for a demonstration of his righteousness through the passing over of prior sins, in God’s forbearance;"
Romans,3,24,25,en-web,"[24] being justified freely by his grace through the redemption that is in Christ Jesus, [25] whom God sent to be an atoning sacrifice3:25 or, a propitiation through faith in his blood, for a demonstration of his righteousness through the passing over of prior sins, in God’s forbearance;"
Romans,3,25,26,en-web,"[25] whom God sent to be an atoning sacrifice3:25 or, a propitiation through faith in his blood, for a demonstration of his righteousness through the passing over of prior sins, in God’s forbearance; [26] to demonstrate his righteousness at this present time, that he might himself be just and the justifier of him who has faith in Jesus."
Romans,4,2,,en-web,"For if Abraham was justified by works, he has something to boast about, but not toward God."
Romans,4,5,,en-web,"But to him who doesn’t work, but believes in him who justifies the ungodly, his faith is accounted for righteousness."
Deuteronomy,18,18,19,esv,"[18] I will raise up for them a prophet like you from among their brothers. And I will put my words in his mouth, and he shall speak to them all that I command him. [19] And whoever will not listen to my words that he shall speak in my name, I myself will require it of him. (ESV)"
Deuteronomy,18,18,19,nlt,"I will raise up a prophet like you from among their fellow Israelites. I will put my words in his mouth, and he will tell the people everything I command him. (NLT)"
Deuteronomy,18,18,19,niv,"[18] I will raise up for them a prophet like you from among their fellow Israelites, and I will put my words in his mouth. He will tell them everything I command him. [19] I myself will call to account anyone who does not listen to my words that the prophet speaks in my name. (NIV)"
Deuteronomy,18,18,19,nasb,"[18] I will raise up a prophet from among their countrymen like you, and I will put My words in his mouth, and he shall speak to them all that I command him. [19] It shall come about that whoever will not listen to My words which he shall speak in My name, I Myself will require it of him. (NASB)"
Deuteronomy,18,18,19,csb,"[18] I will raise up for them a prophet like you from among their brothers. I will put my words in his mouth, and he will tell them everything I command him. [19] I will hold accountable whoever does not listen to my words that he speaks in my name.  (CSB)"
Deuteronomy,18,18,19,en-asv,"[18] I will raise them up a prophet from among their brethren, like unto thee; and I will put my words in his mouth, and he shall speak unto them all that I shall command him. [19] And it shall come to pass, that whosoever will not hearken unto my words which he shall speak in my name, I will require it of him."
Deuteronomy,18,18,19,en-t4t,"[18] So I will send from among them a prophet who will be like you. I will tell him what to say, and then he will tell people everything that I tell him to say. [19] He will speak for me. And I will punish anyone who does not heed what he says."
Deuteronomy,18,18,19,en-bsb,"[18] I will raise up for them a prophet like you from among their brothers. I will put My words in his mouth, and he will tell them everything I command him. [19] And I will hold accountable anyone who does not listen to My words that the prophet speaks in My name.18:19 See Acts 3:23."
Deuteronomy,18,18,19,en-web,"[18] I will raise them up a prophet from among their brothers, like you. I will put my words in his mouth, and he shall speak to them all that I shall command him. [19] It shall happen, that whoever will not listen to my words which he shall speak in my name, I will require it of him."
Leviticus,11,44,45,en-asv,"[44] For I am Jehovah your God: sanctify yourselves therefore, and be ye holy; for I am holy: neither shall ye defile yourselves with any manner of creeping thing that moveth upon the earth. [45] For I am Jehovah that brought you up out of the land of Egypt, to be your God: ye shall therefore be holy, for I am holy."
Numbers,23,19,,en-asv,"God is not a man, that he should lie,"
Deuteronomy,6,4,5,en-asv,"[4] Hear, O Israel: Jehovah our God is one Jehovah: [5] and thou shalt love Jehovah thy God with all thy heart, and with all thy soul, and with all thy might."
Deuteronomy,6,5,9,en-asv,"[5] and thou shalt love Jehovah thy God with all thy heart, and with all thy soul, and with all thy might. [6] And these words, which I command thee this day, shall be upon thy heart; [7] and thou shalt teach them diligently unto thy children, and shalt talk of them when thou sittest in thy house, and when thou walkest by the way, and when thou liest down, and when thou risest up. [8] And thou shalt bind them for a sign upon thy hand, and they shall be for frontlets between thine eyes. [9] And thou shalt write them upon the door-posts of thy house, and upon thy gates."
Deuteronomy,10,14,,en-asv,"Behold, unto Jehovah thy God belongeth heaven and the heaven of heavens, the earth, with all that is therein."
Deuteronomy,21,8,,en-asv,"Forgive, O Jehovah, thy people Israel, whom thou hast redeemed, and suffer not innocent blood to remain in the midst of thy people Israel. And the blood shall be forgiven them."
Joshua,24,14,,en-asv,"Now therefore fear Jehovah, and serve him in sincerity and in truth; and put away the gods which your fathers served beyond the River, and in Egypt; and serve ye Jehovah."
Joshua,24,15,,en-asv,"And if it seem evil unto you to serve Jehovah, choose you this day whom ye will serve; whether the gods which your fathers served that were beyond the River, or the gods of the Amorites, in whose land ye dwell: but as for me and my house, we will serve Jehovah."
Judges,19,22,23,en-asv,"[22] As they were making their hearts merry, behold, the men of the city, certain base fellows, beset the house round about, beating at the door; and they spake to the master of the house, the old man, saying, Bring forth the man that came into thy house, that we may know him. [23] And the man, the master of the house, went out unto them, and said unto them, Nay, my brethren, I pray you, do not so wickedly; seeing that this man is come into my house, do not this folly."
Acts,3,22,,en-asv,"Moses indeed said, A prophet shall the Lord God raise up unto you from among your brethren, like unto me; to him shall ye hearken in all things whatsoever he shall speak unto you."
Psalms,139,1,,esv,"To the choirmaster. A Psalm of David. [1] O LORD, you have searched me and known me! (ESV)"
2 Samuel,7,12,14,esv,"[12] When your days are fulfilled and you lie down with your fathers, I will raise up your offspring after you, who shall come from your body, and I will establish his kingdom. [13] He shall build a house for my name, and I will establish the throne of his kingdom forever. [14] I will be to him a father, and he shall be to me a son. When he commits iniquity, I will discipline him with the rod of men, with the stripes of the sons of men, (ESV)"
2 Samuel,7,12,14,nlt, (NLT)
2 Samuel,7,12,14,niv,"[12] When your days are over and you rest with your ancestors, I will raise up your offspring to succeed you, your own flesh and blood, and I will establish his kingdom. [13] He is the one who will build a house for my Name, and I will establish the throne of his kingdom forever. [14] I will be his father, and he will be my son. When he does wrong, I will punish him with a rod wielded by men, with floggings inflicted by human hands. (NIV)"
2 Samuel,7,12,14,nasb,"[12] When your days are complete and you lie down with your fathers, I will raise up your descendant after you, who will come forth from you, and I will establish his kingdom. [13] He shall build a house for My name, and I will establish the throne of his kingdom forever. [14] I will be a father to him and he will be a son to Me; when he commits iniquity, I will correct him with the rod of men and the strokes of the sons of men, (NASB)"
2 Samuel,7,12,14,csb,"[12] When your time comes and you rest with your ancestors, I will raise up after you your descendant, who will come from your body, and I will establish his kingdom.  [13] He is the one who will build a house for my name,  and I will establish the throne of his kingdom forever.  [14] I will be his father, and he will be my son.  When he does wrong, I will discipline him with a rod of men and blows from mortals. (CSB)"
Deuteronomy,6,5,9,nasb,"[5] You shall love the Lord your God with all your heart and with all your soul and with all your might. [6] These words, which I am commanding you today, shall be on your heart. [7] You shall teach them diligently to your sons and shall talk of them when you sit in your house and when you walk by the way and when you lie down and when you rise up. [8] You shall bind them as a sign on your hand and they shall be as frontals on your forehead. [9] You shall write them on the doorposts of your house and on your gates. (NASB)"
Leviticus,11,44,45,nasb,"[44] For I am the Lord your God. Consecrate yourselves therefore, and be holy, for I am holy. And you shall not make yourselves unclean with any of the swarming things that swarm on the earth. [45] For I am the Lord who brought you up from the land of Egypt to be your God; thus you shall be holy, for I am holy.’ ” (NASB)"
Numbers,23,19,,nasb,"[19] God is not a man, that He should lie, Nor a son of man, that He should repent; Has He said, and will He not do it? Or has He spoken, and will He not make it good? (NASB)"
Deuteronomy,6,4,5,nasb,"[4] “Hear, O Israel! The Lord is our God, the Lord is one! [5] You shall love the Lord your God with all your heart and with all your soul and with all your might. (NASB)"
Deuteronomy,10,14,,nasb,"[14] Behold, to the Lord your God belong heaven and the highest heavens, the earth and all that is in it. (NASB)"
Deuteronomy,21,8,,nasb,"[8] Forgive Your people Israel whom You have redeemed, O Lord, and do not place the guilt of innocent blood in the midst of Your people Israel.’ And the bloodguiltiness shall be forgiven them. (NASB)"
Joshua,24,14,,nasb,"[14] “Now, therefore, fear the Lord and serve Him in sincerity and truth; and put away the gods which your fathers served beyond the River and in Egypt, and serve the Lord. (NASB)"
Joshua,24,15,,nasb,"[15] If it is disagreeable in your sight to serve the Lord, choose for yourselves today whom you will serve: whether the gods which your fathers served which were beyond the River, or the gods of the Amorites in whose land you are living; but as for me and my house, we will serve the Lord.” (NASB)"
Judges,19,22,23,nasb,"[22] While they were celebrating, behold, the men of the city, certain worthless fellows, surrounded the house, pounding the door; and they spoke to the owner of the house, the old man, saying, “Bring out the man who came into your house that we may have relations with him.” [23] Then the man, the owner of the house, went out to them and said to them, “No, my fellows, please do not act so wickedly; since this man has come into my house, do not commit this act of folly. (NASB)"
1 Kings,8,23,,nasb,"[23] He said, “O Lord, the God of Israel, there is no God like You in heaven above or on earth beneath, keeping covenant and showing lovingkindness to Your servants who walk before You with all their heart, (NASB)"
2 Chronicles,7,14,,nasb,"[14] and My people who are called by My name humble themselves and pray and seek My face and turn from their wicked ways, then I will hear from heaven, will forgive their sin and will heal their land. (NASB)"
Acts,3,22,,nasb,"[22] Moses said, ‘The Lord God will raise up for you a prophet like me from your brethren; to Him you shall give heed to everything He says to you. (NASB)"
1 Peter,2,24,,esv,"[24] He himself bore our sins in his body on the tree, that we might die to sin and live to righteousness. By his wounds you have been healed. (ESV)"
1 Peter,2,24,,nlt, (NLT)
1 Peter,2,24,,niv,"[24] “He himself bore our sins” in his body on the cross, so that we might die to sins and live for righteousness; “by his wounds you have been healed.” (NIV)"
1 Peter,2,24,,nasb,"[24] and He Himself bore our sins in His body on the cross, so that we might die to sin and live to righteousness; for by His wounds you were healed. (NASB)"
1 Peter,2,24,,csb,"[24] He himself bore our sins  in his body  on the tree;  so that, having died to sins,  we might live for righteousness.  By his wounds, you have been healed. (CSB)"
Leviticus,11,44,45,esv,"[44] For I am the LORD your God. Consecrate yourselves therefore, and be holy, for I am holy. You shall not defile yourselves with any swarming thing that crawls on the ground. [45] For I am the LORD who brought you up out of the land of Egypt to be your God. You shall therefore be holy, for I am holy.” (ESV)"
Numbers,23,19,,esv,"[19] God is not man, that he should lie, or a son of man, that he should change his mind. Has he said, and will he not do it? Or has he spoken, and will he not fulfill it? (ESV)"
Deuteronomy,6,4,5,esv,"[4] “Hear, O Israel: The LORD our God, the LORD is one. [5] You shall love the LORD your God with all your heart and with all your soul and with all your might. (ESV)"
Psalms,139,4,,esv,"[4] Even before a word is on my tongue, behold, O LORD, you know it altogether. (ESV)"
Deuteronomy,6,5,9,esv,"[5] You shall love the LORD your God with all your heart and with all your soul and with all your might. [6] And these words that I command you today shall be on your heart. [7] You shall teach them diligently to your children, and shall talk of them when you sit in your house, and when you walk by the way, and when you lie down, and when you rise. [8] You shall bind them as a sign on your hand, and they shall be as frontlets between your eyes. [9] You shall write them on the doorposts of your house and on your gates. (ESV)"
Deuteronomy,10,14,,esv,"[14] Behold, to the LORD your God belong heaven and the heaven of heavens, the earth with all that is in it. (ESV)"
Deuteronomy,21,8,,esv,"[8] Accept atonement, O LORD, for your people Israel, whom you have redeemed, and do not set the guilt of innocent blood in the midst of your people Israel, so that their blood guilt be atoned for.’ (ESV)"
Joshua,24,14,,esv,"[14] “Now therefore fear the LORD and serve him in sincerity and in faithfulness. Put away the gods that your fathers served beyond the River and in Egypt, and serve the LORD. (ESV)"
Joshua,24,15,,esv,"[15] And if it is evil in your eyes to serve the LORD, choose this day whom you will serve, whether the gods your fathers served in the region beyond the River, or the gods of the Amorites in whose land you dwell. But as for me and my house, we will serve the LORD.” (ESV)"
Judges,19,22,23,esv,"[22] As they were making their hearts merry, behold, the men of the city, worthless fellows, surrounded the house, beating on the door. And they said to the old man, the master of the house, “Bring out the man who came into your house, that we may know him.” [23] And the man, the master of the house, went out to them and said to them, “No, my brothers, do not act so wickedly; since this man has come into my house, do not do this vile thing. (ESV)"
1 Kings,8,23,,esv,"[23] and said, “O LORD, God of Israel, there is no God like you, in heaven above or on earth beneath, keeping covenant and showing steadfast love to your servants who walk before you with all their heart; (ESV)"
2 Chronicles,7,14,,esv,"[14] if my people who are called by my name humble themselves, and pray and seek my face and turn from their wicked ways, then I will hear from heaven and will forgive their sin and heal their land. (ESV)"
Acts,3,22,,esv,"[22] Moses said, ‘The Lord God will raise up for you a prophet like me from your brothers. You shall listen to him in whatever he tells you. (ESV)"
Job,1,6,,esv,"[6] Now there was a day when the sons of God came to present themselves before the LORD, and Satan also came among them. (ESV)"
Job,1,7,,esv,"[7] The LORD said to Satan, “From where have you come?” Satan answered the LORD and said, “From going to and fro on the earth, and from walking up and down on it.” (ESV)"
Job,2,2,,esv,"[2] And the LORD said to Satan, “From where have you come?” Satan answered the LORD and said, “From going to and fro on the earth, and from walking up and down on it.” (ESV)"
Job,26,13,,esv,[13] By his wind the heavens were made fair; his hand pierced the fleeing serpent. (ESV)
Job,26,14,,esv,"[14] Behold, these are but the outskirts of his ways, and how small a whisper do we hear of him! But the thunder of his power who can understand?” (ESV)"
Job,41,33,34,esv,"[33] On earth there is not his like, a creature without fear. [34] He sees everything that is high; he is king over all the sons of pride.” (ESV)"
Job,42,2,,esv,"[2] “I know that you can do all things, and that no purpose of yours can be thwarted. (ESV)"
Psalms,12,6,,esv,"[6] The words of the LORD are pure words, like silver refined in a furnace on the ground, purified seven times. (ESV)"
Psalms,16,8,,esv,"[8] I have set the LORD always before me; because he is at my right hand, I shall not be shaken. (ESV)"
Psalms,19,1,2,esv,"To the choirmaster. A Psalm of David. [1] The heavens declare the glory of God, and the sky above proclaims his handiwork. [2] Day to day pours out speech, and night to night reveals knowledge. (ESV)"
Psalms,19,7,11,esv,"[7] The law of the LORD is perfect, reviving the soul; the testimony of the LORD is sure, making wise the simple; [8] the precepts of the LORD are right, rejoicing the heart; the commandment of the LORD is pure, enlightening the eyes; [9] the fear of the LORD is clean, enduring forever; the rules of the LORD are true, and righteous altogether. [10] More to be desired are they than gold, even much fine gold; sweeter also than honey and drippings of the honeycomb. [11] Moreover, by them is your servant warned; in keeping them there is great reward. (ESV)"
Psalms,24,8,,esv,"[8] Who is this King of glory? The LORD, strong and mighty, the LORD, mighty in battle! (ESV)"
Psalms,27,4,,esv,"[4] One thing have I asked of the LORD, that will I seek after: that I may dwell in the house of the LORD all the days of my life, to gaze upon the beauty of the LORD and to inquire in his temple. (ESV)"
Psalms,33,13,14,esv,"[13] The LORD looks down from heaven; he sees all the children of man; [14] from where he sits enthroned he looks out on all the inhabitants of the earth, (ESV)"
Psalms,51,5,,esv,"[5] Behold, I was brought forth in iniquity, and in sin did my mother conceive me. (ESV)"
Psalms,53,3,,esv,"[3] They have all fallen away; together they have become corrupt; there is none who does good, not even one. (ESV)"
Psalms,90,2,,esv,"[2] Before the mountains were brought forth, or ever you had formed the earth and the world, from everlasting to everlasting you are God. (ESV)"
Psalms,90,4,,esv,"[4] For a thousand years in your sight are but as yesterday when it is past, or as a watch in the night. (ESV)"
Psalms,102,26,27,esv,"[26] They will perish, but you will remain; they will all wear out like a garment. You will change them like a robe, and they will pass away, [27] but you are the same, and your years have no end. (ESV)"
Psalms,103,8,,esv,"[8] The LORD is merciful and gracious, slow to anger and abounding in steadfast love. (ESV)"
Psalms,103,11,,esv,"[11] For as high as the heavens are above the earth, so great is his steadfast love toward those who fear him; (ESV)"
Psalms,103,12,,esv,"[12] as far as the east is from the west, so far does he remove our transgressions from us. (ESV)"
Psalms,106,1,,esv,"[1] Praise the LORD! Oh give thanks to the LORD, for he is good, for his steadfast love endures forever! (ESV)"
Psalms,139,7,,esv,[7] Where shall I go from your Spirit? Or where shall I flee from your presence? (ESV)
Psalms,139,10,,esv,"[10] even there your hand shall lead me, and your right hand shall hold me. (ESV)"
Psalms,139,12,,esv,"[12] even the darkness is not dark to you; the night is bright as the day, for darkness is as light with you. (ESV)"
Psalms,139,13,,esv,[13] For you formed my inward parts; you knitted me together in my mother’s womb. (ESV)
Psalms,139,14,,esv,"[14] I praise you, for I am fearfully and wonderfully made. Wonderful are your works; my soul knows it very well. (ESV)"
Psalms,139,16,,esv,"[16] Your eyes saw my unformed substance; in your book were written, every one of them, the days that were formed for me, when as yet there was none of them. (ESV)"
Psalms,139,17,18,esv,"[17] How precious to me are your thoughts, O God! How vast is the sum of them! [18] If I would count them, they are more than the sand. I awake, and I am still with you. (ESV)"
Psalms,139,23,24,esv,"[23] Search me, O God, and know my heart! Try me and know my thoughts! [24] And see if there be any grievous way in me, and lead me in the way everlasting! (ESV)"
Psalms,148,2,,esv,"[2] Praise him, all his angels; praise him, all his hosts! (ESV)"
Proverbs,1,7,,esv,[7] The fear of the LORD is the beginning of knowledge; fools despise wisdom and instruction. (ESV)
Proverbs,3,5,6,esv,"[5] Trust in the LORD with all your heart, and do not lean on your own understanding. [6] In all your ways acknowledge him, and he will make straight your paths. (ESV)"
Proverbs,27,17,,esv,"[17] Iron sharpens iron, and one man sharpens another. (ESV)"
Proverbs,30,5,,esv,[5] Every word of God proves true; he is a shield to those who take refuge in him. (ESV)
Ecclesiastes,1,2,,esv,"[2] Vanity of vanities, says the Preacher, vanity of vanities! All is vanity. (ESV)"
Ecclesiastes,2,24,25,esv,"[24] There is nothing better for a person than that he should eat and drink and find enjoyment in his toil. This also, I saw, is from the hand of God, [25] for apart from him who can eat or who can have enjoyment? (ESV)"
Ecclesiastes,3,14,,esv,"[14] I perceived that whatever God does endures forever; nothing can be added to it, nor anything taken from it. God has done it, so that people fear before him. (ESV)"
Ecclesiastes,3,18,,esv,[18] I said in my heart with regard to the children of man that God is testing them that they may see that they themselves are but beasts. (ESV)
Job,1,6,,nasb,"[6] Now there was a day when the sons of God came to present themselves before the Lord, and Satan also came among them. (NASB)"
Job,1,7,,nasb,"[7] The Lord said to Satan, “From where do you come?” Then Satan answered the Lord and said, “From roaming about on the earth and walking around on it.” (NASB)"
Job,2,2,,nasb,"[2] The Lord said to Satan, “Where have you come from?” Then Satan answered the Lord and said, “From roaming about on the earth and walking around on it.” (NASB)"
Job,26,13,,nasb,[13] By His breath the heavens are cleared; His hand has pierced the fleeing serpent. (NASB)
Job,26,14,,nasb,"[14] Behold, these are the fringes of His ways; And how faint a word we hear of Him! But His mighty thunder, who can understand?” (NASB)"
Job,41,33,34,nasb,"[33] Nothing on earth is like him, One made without fear. [34] He looks on everything that is high; He is king over all the sons of pride.” (NASB)"
Job,42,2,,nasb,"[2] “I know that You can do all things, And that no purpose of Yours can be thwarted. (NASB)"
Psalms,12,6,,nasb,"[6] The words of the Lord are pure words; As silver tried in a furnace on the earth, refined seven times. (NASB)"
Psalms,16,8,,nasb,"[8] I have set the Lord continually before me; Because He is at my right hand, I will not be shaken. (NASB)"
Psalms,19,1,2,nasb,"[1] The heavens are telling of the glory of God; And their expanse is declaring the work of His hands. [2] Day to day pours forth speech, And night to night reveals knowledge. (NASB)"
Psalms,19,7,11,nasb,"[7] The law of the Lord is perfect, restoring the soul; The testimony of the Lord is sure, making wise the simple. [8] The precepts of the Lord are right, rejoicing the heart; The commandment of the Lord is pure, enlightening the eyes. [9] The fear of the Lord is clean, enduring forever; The judgments of the Lord are true; they are righteous altogether. [10] They are more desirable than gold, yes, than much fine gold; Sweeter also than honey and the drippings of the honeycomb. [11] Moreover, by them Your servant is warned; In keeping them there is great reward. (NASB)"
Psalms,24,8,,nasb,"[8] Who is the King of glory? The Lord strong and mighty, The Lord mighty in battle. (NASB)"
Psalms,27,4,,nasb,"[4] One thing I have asked from the Lord, that I shall seek: That I may dwell in the house of the Lord all the days of my life, To behold the beauty of the Lord And to meditate in His temple. (NASB)"
Psalms,33,13,14,nasb,"[13] The Lord looks from heaven; He sees all the sons of men; [14] From His dwelling place He looks out On all the inhabitants of the earth, (NASB)"
Psalms,51,5,,nasb,"[5] Behold, I was brought forth in iniquity, And in sin my mother conceived me. (NASB)"
Psalms,53,3,,nasb,"[3] Every one of them has turned aside; together they have become corrupt; There is no one who does good, not even one. (NASB)"
Psalms,90,2,,nasb,"[2] Before the mountains were born Or You gave birth to the earth and the world, Even from everlasting to everlasting, You are God. (NASB)"
Psalms,90,4,,nasb,"[4] For a thousand years in Your sight Are like yesterday when it passes by, Or as a watch in the night. (NASB)"
Psalms,102,26,27,nasb,"[26] Even they will perish, but You endure; And all of them will wear out like a garment; Like clothing You will change them and they will be changed. [27] But You are the same, And Your years will not come to an end. (NASB)"
Psalms,103,8,,nasb,"[8] The Lord is compassionate and gracious, Slow to anger and abounding in lovingkindness. (NASB)"
Psalms,103,11,,nasb,"[11] For as high as the heavens are above the earth, So great is His lovingkindness toward those who fear Him. (NASB)"
Psalms,103,12,,nasb,"[12] As far as the east is from the west, So far has He removed our transgressions from us. (NASB)"
Psalms,106,1,,nasb,"[1] Praise the Lord! Oh give thanks to the Lord, for He is good; For His lovingkindness is everlasting. (NASB)"
Psalms,110,1,,nasb,[1] The Lord says to my Lord: “Sit at My right hand Until I make Your enemies a footstool for Your feet.” (NASB)
Psalms,115,3,,nasb,[3] But our God is in the heavens; He does whatever He pleases. (NASB)
Psalms,139,1,,nasb,"[1] O Lord, You have searched me and known me. (NASB)"
Psalms,139,4,,nasb,"[4] Even before there is a word on my tongue, Behold, O Lord, You know it all. (NASB)"
Psalms,139,6,,nasb,"[6] Such knowledge is too wonderful for me; It is too high, I cannot attain to it. (NASB)"
Psalms,139,7,,nasb,[7] Where can I go from Your Spirit? Or where can I flee from Your presence? (NASB)
Psalms,139,10,,nasb,"[10] Even there Your hand will lead me, And Your right hand will lay hold of me. (NASB)"
Psalms,139,12,,nasb,"[12] Even the darkness is not dark to You, And the night is as bright as the day. Darkness and light are alike to You. (NASB)"
Psalms,139,13,,nasb,[13] For You formed my inward parts; You wove me in my mother’s womb. (NASB)
Psalms,139,14,,nasb,"[14] I will give thanks to You, for I am fearfully and wonderfully made; Wonderful are Your works, And my soul knows it very well. (NASB)"
Psalms,139,16,,nasb,"[16] Your eyes have seen my unformed substance; And in Your book were all written The days that were ordained for me, When as yet there was not one of them. (NASB)"
Psalms,139,17,18,nasb,"[17] How precious also are Your thoughts to me, O God! How vast is the sum of them! [18] If I should count them, they would outnumber the sand. When I awake, I am still with You. (NASB)"
Psalms,139,23,24,nasb,"[23] Search me, O God, and know my heart; Try me and know my anxious thoughts; [24] And see if there be any hurtful way in me, And lead me in the everlasting way. (NASB)"
Psalms,148,2,,nasb,"[2] Praise Him, all His angels; Praise Him, all His hosts! (NASB)"
Psalms,148,5,,nasb,"[5] Let them praise the name of the Lord, For He commanded and they were created. (NASB)"
Matthew,22,44,,nasb,"[44] ‘The Lord said to my Lord, “Sit at My right hand, Until I put Your enemies beneath Your feet” ’? (NASB)"
Proverbs,1,7,,nasb,[7] The fear of the Lord is the beginning of knowledge; Fools despise wisdom and instruction. (NASB)
Proverbs,3,5,6,nasb,"[5] Trust in the Lord with all your heart And do not lean on your own understanding. [6] In all your ways acknowledge Him, And He will make your paths straight. (NASB)"
Proverbs,27,17,,nasb,"[17] Iron sharpens iron, So one man sharpens another. (NASB)"
Proverbs,30,5,,nasb,[5] Every word of God is tested; He is a shield to those who take refuge in Him. (NASB)
Ecclesiastes,1,2,,nasb,"[2] “Vanity of vanities,” says the Preacher, “Vanity of vanities! All is vanity.” (NASB)"
Ecclesiastes,2,24,25,nasb,[24] There is nothing better for a man than to eat and drink and tell himself that his labor is good. This also I have seen that it is from the hand of God. [25] For who can eat and who can have enjoyment without Him? (NASB)
Ecclesiastes,3,14,,nasb,"[14] I know that everything God does will remain forever; there is nothing to add to it and there is nothing to take from it, for God has so worked that men should fear Him. (NASB)"
Ecclesiastes,3,18,,nasb,"[18] I said to myself concerning the sons of men, “God has surely tested them in order for them to see that they are but beasts.” (NASB)"
Ecclesiastes,3,20,,nasb,[20] All go to the same place. All came from the dust and all return to the dust. (NASB)
Ecclesiastes,4,9,12,nasb,"[9] Two are better than one because they have a good return for their labor. [10] For if either of them falls, the one will lift up his companion. But woe to the one who falls when there is not another to lift him up. [11] Furthermore, if two lie down together they keep warm, but how can one be warm alone? [12] And if one can overpower him who is alone, two can resist him. A cord of three strands is not quickly torn apart. (NASB)"
Ecclesiastes,12,12,,nasb,"[12] But beyond this, my son, be warned: the writing of many books is endless, and excessive devotion to books is wearying to the body. (NASB)"
Ecclesiastes,12,13,,nasb,"[13] The conclusion, when all has been heard, is: fear God and keep His commandments, because this applies to every person. (NASB)"
Ecclesiastes,12,14,,nasb,"[14] For God will bring every act to judgment, everything which is hidden, whether it is good or evil. (NASB)"
Isaiah,6,3,,nasb,"[3] And one called out to another and said, “Holy, Holy, Holy, is the Lord of hosts, The whole earth is full of His glory.” (NASB)"
Isaiah,6,5,,nasb,"[5] Then I said, “Woe is me, for I am ruined! Because I am a man of unclean lips, And I live among a people of unclean lips; For my eyes have seen the King, the Lord of hosts.” (NASB)"
Isaiah,6,8,,nasb,"[8] Then I heard the voice of the Lord, saying, “Whom shall I send, and who will go for Us?” Then I said, “Here am I. Send me!” (NASB)"
Isaiah,14,12,,nasb,"[12] How you have fallen from heaven, O star of the morning, son of the dawn! You have been cut down to the earth, You who have weakened the nations! (NASB)"
Isaiah,14,13,15,nasb,"[13] But you said in your heart, ‘I will ascend to heaven; I will raise my throne above the stars of God, And I will sit on the mount of assembly In the recesses of the north. [14] I will ascend above the heights of the clouds; I will make myself like the Most High.’ [15] Nevertheless you will be thrust down to Sheol, To the recesses of the pit. (NASB)"
Isaiah,25,1,,nasb,"[1] O Lord, You are my God; I will exalt You, I will give thanks to Your name; For You have worked wonders, Plans formed long ago, with perfect faithfulness. (NASB)"
Isaiah,25,4,,nasb,"[4] For You have been a defense for the helpless, A defense for the needy in his distress, A refuge from the storm, a shade from the heat; For the breath of the ruthless Is like a rain storm against a wall. (NASB)"
Isaiah,25,6,,nasb,"[6] The Lord of hosts will prepare a lavish banquet for all peoples on this mountain; A banquet of aged wine, choice pieces with marrow, And refined, aged wine. (NASB)"
Isaiah,25,7,8,nasb,"[7] And on this mountain He will swallow up the covering which is over all peoples, Even the veil which is stretched over all nations. [8] He will swallow up death for all time, And the Lord God will wipe tears away from all faces, And He will remove the reproach of His people from all the earth; For the Lord has spoken. (NASB)"
Isaiah,26,3,,nasb,"[3] The steadfast of mind You will keep in perfect peace, Because he trusts in You. (NASB)"
Isaiah,26,4,,nasb,"[4] Trust in the Lord forever, For in God the Lord, we have an everlasting Rock. (NASB)"
Isaiah,43,7,,nasb,"[7] Everyone who is called by My name, And whom I have created for My glory, Whom I have formed, even whom I have made.” (NASB)"
Isaiah,43,11,,nasb,"[11] I, even I, am the Lord, And there is no savior besides Me. (NASB)"
Isaiah,45,5,,nasb,"[5] I am the Lord, and there is no other; Besides Me there is no God. I will gird you, though you have not known Me; (NASB)"
Isaiah,53,5,,nasb,"[5] But He was pierced through for our transgressions, He was crushed for our iniquities; The chastening for our well-being fell upon Him, And by His scourging we are healed. (NASB)"
Isaiah,45,5,,esv,"[5] I am the LORD, and there is no other, besides me there is no God; I equip you, though you do not know me, (ESV)"
Isaiah,53,6,,nasb,"[6] All of us like sheep have gone astray, Each of us has turned to his own way; But the Lord has caused the iniquity of us all To fall on Him. (NASB)"
Isaiah,59,2,,nasb,"[2] But your iniquities have made a separation between you and your God, And your sins have hidden His face from you so that He does not hear. (NASB)"
Acts,28,26,27,nasb,"[26] saying, ‘Go to this people and say, “You will keep on hearing, but will not understand; And you will keep on seeing, but will not perceive; [27] For the heart of this people has become dull, And with their ears they scarcely hear, And they have closed their eyes; Otherwise they might see with their eyes, And hear with their ears, And understand with their heart and return, And I would heal them.” ’ (NASB)"
1 Corinthians,15,54,,nasb,"[54] But when this perishable will have put on the imperishable, and this mortal will have put on immortality, then will come about the saying that is written, “Death is swallowed up in victory. (NASB)"
Leviticus,11,44,45,niv,"[44] I am the Lord your God; consecrate yourselves and be holy, because I am holy. Do not make yourselves unclean by any creature that moves along the ground. [45] I am the Lord, who brought you up out of Egypt to be your God; therefore be holy, because I am holy. (NIV)"
Numbers,23,19,,niv,"[19] God is not human, that he should lie, not a human being, that he should change his mind. Does he speak and then not act? Does he promise and not fulfill? (NIV)"
Deuteronomy,6,4,5,niv,"[4] Hear, O Israel: The Lord our God, the Lord is one. [5] Love the Lord your God with all your heart and with all your soul and with all your strength. (NIV)"
Deuteronomy,6,5,9,niv,"[5] Love the Lord your God with all your heart and with all your soul and with all your strength. [6] These commandments that I give you today are to be on your hearts. [7] Impress them on your children. Talk about them when you sit at home and when you walk along the road, when you lie down and when you get up. [8] Tie them as symbols on your hands and bind them on your foreheads. [9] Write them on the doorframes of your houses and on your gates. (NIV)"
Deuteronomy,10,14,,niv,"[14] To the Lord your God belong the heavens, even the highest heavens, the earth and everything in it. (NIV)"
Deuteronomy,21,8,,niv,"[8] Accept this atonement for your people Israel, whom you have redeemed, Lord, and do not hold your people guilty of the blood of an innocent person.” Then the bloodshed will be atoned for, (NIV)"
Joshua,24,14,,niv,"[14] “Now fear the Lord and serve him with all faithfulness. Throw away the gods your ancestors worshiped beyond the Euphrates River and in Egypt, and serve the Lord. (NIV)"
Joshua,24,15,,niv,"[15] But if serving the Lord seems undesirable to you, then choose for yourselves this day whom you will serve, whether the gods your ancestors served beyond the Euphrates, or the gods of the Amorites, in whose land you are living. But as for me and my household, we will serve the Lord.” (NIV)"
Judges,19,22,23,niv,"[22] While they were enjoying themselves, some of the wicked men of the city surrounded the house. Pounding on the door, they shouted to the old man who owned the house, “Bring out the man who came to your house so we can have sex with him.” [23] The owner of the house went outside and said to them, “No, my friends, don’t be so vile. Since this man is my guest, don’t do this outrageous thing. (NIV)"
1 Kings,8,23,,niv,"[23] and said: “Lord, the God of Israel, there is no God like you in heaven above or on earth below—you who keep your covenant of love with your servants who continue wholeheartedly in your way. (NIV)"
2 Chronicles,7,14,,niv,"[14] if my people, who are called by my name, will humble themselves and pray and seek my face and turn from their wicked ways, then I will hear from heaven, and I will forgive their sin and will heal their land. (NIV)"
Acts,3,22,,niv,"[22] For Moses said, ‘The Lord your God will raise up for you a prophet like me from among your own people; you must listen to everything he tells you. (NIV)"
Job,1,6,,niv,"[6] One day the angels came to present themselves before the Lord, and Satan also came with them. (NIV)"
Job,1,7,,niv,"[7] The Lord said to Satan, “Where have you come from?” Satan answered the Lord, “From roaming throughout the earth, going back and forth on it.” (NIV)"
Job,2,2,,niv,"[2] And the Lord said to Satan, “Where have you come from?” Satan answered the Lord, “From roaming throughout the earth, going back and forth on it.” (NIV)"
Job,26,13,,niv,[13] By his breath the skies became fair; his hand pierced the gliding serpent. (NIV)
Job,26,14,,niv,[14] And these are but the outer fringe of his works; how faint the whisper we hear of him! Who then can understand the thunder of his power?” (NIV)
Ecclesiastes,3,18,,niv,"[18] I also said to myself, “As for humans, God tests them so that they may see that they are like the animals. (NIV)"
Job,41,33,34,niv,[33] Nothing on earth is its equal— a creature without fear. [34] It looks down on all that are haughty; it is king over all that are proud.” (NIV)
Job,42,2,,niv,[2] “I know that you can do all things; no purpose of yours can be thwarted. (NIV)
Psalms,12,6,,niv,"[6] And the words of the Lord are flawless, like silver purified in a crucible, like gold refined seven times. (NIV)"
Psalms,16,8,,niv,"[8] I keep my eyes always on the Lord. With him at my right hand, I will not be shaken. (NIV)"
Psalms,19,1,2,niv,Psalm 19 [1] The heavens declare the glory of God; the skies proclaim the work of his hands. [2] Day after day they pour forth speech; night after night they reveal knowledge. (NIV)
Psalms,19,7,11,niv,"[7] The law of the Lord is perfect, refreshing the soul. The statutes of the Lord are trustworthy, making wise the simple. [8] The precepts of the Lord are right, giving joy to the heart. The commands of the Lord are radiant, giving light to the eyes. [9] The fear of the Lord is pure, enduring forever. The decrees of the Lord are firm, and all of them are righteous. [10] They are more precious than gold, than much pure gold; they are sweeter than honey, than honey from the honeycomb. [11] By them your servant is warned; in keeping them there is great reward. (NIV)"
Psalms,24,8,,niv,"[8] Who is this King of glory? The Lord strong and mighty, the Lord mighty in battle. (NIV)"
Psalms,27,4,,niv,"[4] One thing I ask from the Lord, this only do I seek: that I may dwell in the house of the Lord all the days of my life, to gaze on the beauty of the Lord and to seek him in his temple. (NIV)"
Psalms,33,13,14,niv,[13] From heaven the Lord looks down and sees all mankind; [14] from his dwelling place he watches all who live on earth— (NIV)
Psalms,51,5,,niv,"[5] Surely I was sinful at birth, sinful from the time my mother conceived me. (NIV)"
Psalms,53,3,,niv,"[3] Everyone has turned away, all have become corrupt; there is no one who does good, not even one. (NIV)"
Psalms,90,2,,niv,"[2] Before the mountains were born or you brought forth the whole world, from everlasting to everlasting you are God. (NIV)"
Psalms,90,4,,niv,"[4] A thousand years in your sight are like a day that has just gone by, or like a watch in the night. (NIV)"
Psalms,102,26,27,niv,"[26] They will perish, but you remain; they will all wear out like a garment. Like clothing you will change them and they will be discarded. [27] But you remain the same, and your years will never end. (NIV)"
Psalms,103,8,,niv,"[8] The Lord is compassionate and gracious, slow to anger, abounding in love. (NIV)"
Psalms,103,11,,niv,"[11] For as high as the heavens are above the earth, so great is his love for those who fear him; (NIV)"
Psalms,103,12,,niv,"[12] as far as the east is from the west, so far has he removed our transgressions from us. (NIV)"
Psalms,106,1,,niv,"Psalm 106 [1] Praise the Lord. Give thanks to the Lord, for he is good; his love endures forever. (NIV)"
Psalms,110,1,,niv,Psalm 110 [1] The Lord says to my lord: “Sit at my right hand until I make your enemies a footstool for your feet.” (NIV)
Psalms,115,3,,niv,[3] Our God is in heaven; he does whatever pleases him. (NIV)
Psalms,139,1,,niv,"Psalm 139 [1] You have searched me, Lord, and you know me. (NIV)"
Psalms,139,4,,niv,"[4] Before a word is on my tongue you, Lord, know it completely. (NIV)"
Psalms,139,6,,niv,"[6] Such knowledge is too wonderful for me, too lofty for me to attain. (NIV)"
Psalms,139,7,,niv,[7] Where can I go from your Spirit? Where can I flee from your presence? (NIV)
Psalms,139,10,,niv,"[10] even there your hand will guide me, your right hand will hold me fast. (NIV)"
Psalms,139,12,,niv,"[12] even the darkness will not be dark to you; the night will shine like the day, for darkness is as light to you. (NIV)"
Psalms,139,13,,niv,[13] For you created my inmost being; you knit me together in my mother’s womb. (NIV)
Psalms,139,14,,niv,"[14] I praise you because I am fearfully and wonderfully made; your works are wonderful, I know that full well. (NIV)"
Psalms,139,16,,niv,[16] Your eyes saw my unformed body; all the days ordained for me were written in your book before one of them came to be. (NIV)
Psalms,139,17,18,niv,"[17] How precious to me are your thoughts, God! How vast is the sum of them! [18] Were I to count them, they would outnumber the grains of sand— when I awake, I am still with you. (NIV)"
Psalms,139,23,24,niv,"[23] Search me, God, and know my heart; test me and know my anxious thoughts. [24] See if there is any offensive way in me, and lead me in the way everlasting. (NIV)"
Psalms,148,2,,niv,"[2] Praise him, all his angels; praise him, all his heavenly hosts. (NIV)"
Psalms,148,5,,niv,"[5] Let them praise the name of the Lord, for at his command they were created, (NIV)"
Matthew,22,44,,niv,[44] “ ‘The Lord said to my Lord: “Sit at my right hand until I put your enemies under your feet.” ’ (NIV)
Proverbs,1,7,,niv,"[7] The fear of the Lord is the beginning of knowledge, but fools despise wisdom and instruction. (NIV)"
Proverbs,3,5,6,niv,"[5] Trust in the Lord with all your heart and lean not on your own understanding; [6] in all your ways submit to him, and he will make your paths straight. (NIV)"
Proverbs,27,17,,niv,"[17] As iron sharpens iron, so one person sharpens another. (NIV)"
Proverbs,30,5,,niv,[5] “Every word of God is flawless; he is a shield to those who take refuge in him. (NIV)
Ecclesiastes,1,2,,niv,[2] “Meaningless! Meaningless!” says the Teacher. “Utterly meaningless! Everything is meaningless.” (NIV)
Ecclesiastes,2,24,25,niv,"[24] A person can do nothing better than to eat and drink and find satisfaction in their own toil. This too, I see, is from the hand of God, [25] for without him, who can eat or find enjoyment? (NIV)"
Ecclesiastes,3,14,,niv,[14] I know that everything God does will endure forever; nothing can be added to it and nothing taken from it. God does it so that people will fear him. (NIV)
Ecclesiastes,3,20,,niv,"[20] All go to the same place; all come from dust, and to dust all return. (NIV)"
Ecclesiastes,4,9,12,niv,"[9] Two are better than one, because they have a good return for their labor: [10] If either of them falls down, one can help the other up. But pity anyone who falls and has no one to help them up. [11] Also, if two lie down together, they will keep warm. But how can one keep warm alone? [12] Though one may be overpowered, two can defend themselves. A cord of three strands is not quickly broken. (NIV)"
Ecclesiastes,12,12,,niv,"[12] Be warned, my son, of anything in addition to them. Of making many books there is no end, and much study wearies the body. (NIV)"
Ecclesiastes,12,13,,niv,"[13] Now all has been heard; here is the conclusion of the matter: Fear God and keep his commandments, for this is the duty of all mankind. (NIV)"
Ecclesiastes,12,14,,niv,"[14] For God will bring every deed into judgment, including every hidden thing, whether it is good or evil. (NIV)"
Isaiah,6,3,,niv,"[3] And they were calling to one another: “Holy, holy, holy is the Lord Almighty; the whole earth is full of his glory.” (NIV)"
Isaiah,6,5,,niv,"[5] “Woe to me!” I cried. “I am ruined! For I am a man of unclean lips, and I live among a people of unclean lips, and my eyes have seen the King, the Lord Almighty.” (NIV)"
Isaiah,6,8,,niv,"[8] Then I heard the voice of the Lord saying, “Whom shall I send? And who will go for us?” And I said, “Here am I. Send me!” (NIV)"
Isaiah,14,12,,niv,"[12] How you have fallen from heaven, morning star, son of the dawn! You have been cast down to the earth, you who once laid low the nations! (NIV)"
Isaiah,14,13,15,niv,"[13] You said in your heart, “I will ascend to the heavens; I will raise my throne above the stars of God; I will sit enthroned on the mount of assembly, on the utmost heights of Mount Zaphon. [14] I will ascend above the tops of the clouds; I will make myself like the Most High.” [15] But you are brought down to the realm of the dead, to the depths of the pit. (NIV)"
Isaiah,25,1,,niv,"[1] Lord, you are my God; I will exalt you and praise your name, for in perfect faithfulness you have done wonderful things, things planned long ago. (NIV)"
Isaiah,25,4,,niv,"[4] You have been a refuge for the poor, a refuge for the needy in their distress, a shelter from the storm and a shade from the heat. For the breath of the ruthless is like a storm driving against a wall (NIV)"
Isaiah,25,6,,niv,"[6] On this mountain the Lord Almighty will prepare a feast of rich food for all peoples, a banquet of aged wine— the best of meats and the finest of wines. (NIV)"
Isaiah,25,7,8,niv,"[7] On this mountain he will destroy the shroud that enfolds all peoples, the sheet that covers all nations; [8] he will swallow up death forever. The Sovereign Lord will wipe away the tears from all faces; he will remove his people’s disgrace from all the earth. The Lord has spoken. (NIV)"
Isaiah,26,3,,niv,"[3] You will keep in perfect peace those whose minds are steadfast, because they trust in you. (NIV)"
Isaiah,26,4,,niv,"[4] Trust in the Lord forever, for the Lord, the Lord himself, is the Rock eternal. (NIV)"
Isaiah,43,7,,niv,"[7] everyone who is called by my name, whom I created for my glory, whom I formed and made.” (NIV)"
Isaiah,43,11,,niv,"[11] I, even I, am the Lord, and apart from me there is no savior. (NIV)"
Isaiah,45,5,,niv,"[5] I am the Lord, and there is no other; apart from me there is no God. I will strengthen you, though you have not acknowledged me, (NIV)"
Isaiah,53,5,,niv,"[5] But he was pierced for our transgressions, he was crushed for our iniquities; the punishment that brought us peace was on him, and by his wounds we are healed. (NIV)"
Isaiah,53,6,,niv,"[6] We all, like sheep, have gone astray, each of us has turned to our own way; and the Lord has laid on him the iniquity of us all. (NIV)"
Isaiah,59,2,,niv,"[2] But your iniquities have separated you from your God; your sins have hidden his face from you, so that he will not hear. (NIV)"
Acts,28,26,27,niv,"[26] “ ‘Go to this people and say, “You will be ever hearing but never understanding; you will be ever seeing but never perceiving.” [27] For this people’s heart has become calloused; they hardly hear with their ears, and they have closed their eyes. Otherwise they might see with their eyes, hear with their ears, understand with their hearts and turn, and I would heal them.’ (NIV)"
1 Corinthians,15,54,,niv,"[54] When the perishable has been clothed with the imperishable, and the mortal with immortality, then the saying that is written will come true: “Death has been swallowed up in victory.” (NIV)"
Ecclesiastes,3,20,,esv,"[20] All go to one place. All are from the dust, and to dust all return. (ESV)"
Ecclesiastes,4,9,12,esv,"[9] Two are better than one, because they have a good reward for their toil. [10] For if they fall, one will lift up his fellow. But woe to him who is alone when he falls and has not another to lift him up! [11] Again, if two lie together, they keep warm, but how can one keep warm alone? [12] And though a man might prevail against one who is alone, two will withstand him—a threefold cord is not quickly broken. (ESV)"
Ecclesiastes,12,12,,esv,"[12] My son, beware of anything beyond these. Of making many books there is no end, and much study is a weariness of the flesh. (ESV)"
Ecclesiastes,12,13,,esv,"[13] The end of the matter; all has been heard. Fear God and keep his commandments, for this is the whole duty of man. (ESV)"
Ecclesiastes,12,14,,esv,"[14] For God will bring every deed into judgment, with every secret thing, whether good or evil. (ESV)"
Isaiah,6,3,,esv,"[3] And one called to another and said: “Holy, holy, holy is the LORD of hosts; the whole earth is full of his glory!” (ESV)"
Isaiah,6,5,,esv,"[5] And I said: “Woe is me! For I am lost; for I am a man of unclean lips, and I dwell in the midst of a people of unclean lips; for my eyes have seen the King, the LORD of hosts!” (ESV)"
Isaiah,6,8,,esv,"[8] And I heard the voice of the Lord saying, “Whom shall I send, and who will go for us?” Then I said, “Here I am! Send me.” (ESV)"
Isaiah,14,12,,esv,"[12] “How you are fallen from heaven, O Day Star, son of Dawn! How you are cut down to the ground, you who laid the nations low! (ESV)"
Isaiah,14,13,15,esv,"[13] You said in your heart, ‘I will ascend to heaven; above the stars of God I will set my throne on high; I will sit on the mount of assembly in the far reaches of the north; [14] I will ascend above the heights of the clouds; I will make myself like the Most High.’ [15] But you are brought down to Sheol, to the far reaches of the pit. (ESV)"
Isaiah,25,1,,esv,"[1] O LORD, you are my God; I will exalt you; I will praise your name, for you have done wonderful things, plans formed of old, faithful and sure. (ESV)"
Isaiah,25,4,,esv,"[4] For you have been a stronghold to the poor, a stronghold to the needy in his distress, a shelter from the storm and a shade from the heat; for the breath of the ruthless is like a storm against a wall, (ESV)"
Isaiah,25,6,,esv,"[6] On this mountain the LORD of hosts will make for all peoples a feast of rich food, a feast of well-aged wine, of rich food full of marrow, of aged wine well refined. (ESV)"
Isaiah,25,7,8,esv,"[7] And he will swallow up on this mountain the covering that is cast over all peoples, the veil that is spread over all nations. [8] He will swallow up death forever; and the Lord GOD will wipe away tears from all faces, and the reproach of his people he will take away from all the earth, for the LORD has spoken. (ESV)"
Isaiah,26,3,,esv,"[3] You keep him in perfect peace whose mind is stayed on you, because he trusts in you. (ESV)"
Isaiah,26,4,,esv,"[4] Trust in the LORD forever, for the LORD GOD is an everlasting rock. (ESV)"
Isaiah,43,7,,esv,"[7] everyone who is called by my name, whom I created for my glory, whom I formed and made.” (ESV)"
Isaiah,43,11,,esv,"[11] I, I am the LORD, and besides me there is no savior. (ESV)"
Isaiah,53,5,,esv,"[5] But he was pierced for our transgressions; he was crushed for our iniquities; upon him was the chastisement that brought us peace, and with his wounds we are healed. (ESV)"
Isaiah,53,6,,esv,[6] All we like sheep have gone astray; we have turned—every one—to his own way; and the LORD has laid on him the iniquity of us all. (ESV)
Isaiah,59,2,,esv,"[2] but your iniquities have made a separation between you and your God, and your sins have hidden his face from you so that he does not hear. (ESV)"
Acts,28,26,27,esv,"[26] “‘Go to this people, and say, “You will indeed hear but never understand, and you will indeed see but never perceive.” [27] For this people’s heart has grown dull, and with their ears they can barely hear, and their eyes they have closed; lest they should see with their eyes and hear with their ears and understand with their heart and turn, and I would heal them.’ (ESV)"
1 Corinthians,15,54,,esv,"[54] When the perishable puts on the imperishable, and the mortal puts on immortality, then shall come to pass the saying that is written: “Death is swallowed up in victory.” (ESV)"
